ID,Assunto,Corpo,Remetente,Data,Rótulo
01ab8a1b-2996-495e-9a6e-26b4c7594191,Empréstimo rápido e sem burocracia,Seu cartão de crédito foi aprovado! Clique no link para ativá-lo.,muellercassidy@example.com,2022-08-19,spam
3ab82044-0550-418e-8115-e407a4a8735c,Novo projeto para revisão,Confirmando nossa reunião agendada para o dia 15 de janeiro.,waretimothy@example.net,2020-08-08,não spam
bec7108f-1d99-4ea3-adc8-ced36f1466fc,Relatório financeiro de dezembro,Segue a nota fiscal de compra da última transação.,brockdustin@example.org,2023-11-21,não spam
0a86aea1-0421-4759-8a75-aef25d141883,Ganhe dinheiro fácil!,Não perca a oportunidade de fazer um investimento de baixo risco e alto retorno. Clique agora!,youngelizabeth@example.com,2022-05-30,spam
9179daa7-e614-4af5-b008-e59003a0b29a,Seu cartão de crédito foi aprovado,Não perca a oportunidade de fazer um investimento de baixo risco e alto retorno. Clique agora!,felliott@example.net,2021-03-16,spam
90e42ea5-cf58-418b-b797-030867f10a5b,Novo projeto para revisão,Segue a agenda da reunião de sexta-feira.,hannahramirez@example.net,2023-04-27,não spam
e2bf2e8a-143f-4f31-9de1-4ed36544eed0,Seu cartão de crédito foi aprovado,Parabéns! Você acaba de ganhar um prêmio de 1 milhão de dólares! Clique aqui para resgatar.,angie27@example.net,2020-05-07,spam
be6250d1-3002-4a60-a151-0b324b431542,Confirmação de reunião,Estou enviando o resumo da reunião de ontem.,rachelstewart@example.com,2020-05-14,não spam
e8d02f5f-e8ed-4cd1-a436-5144022bd118,Seu cartão de crédito foi aprovado,Parabéns! Você acaba de ganhar um prêmio de 1 milhão de dólares! Clique aqui para resgatar.,freemantammy@example.net,2020-11-25,spam
d9689959-46f2-4b15-8fb2-98925ec43d17,Empréstimo rápido e sem burocracia,Não perca a chance de ganhar bitcoins grátis! Cadastre-se agora.,oking@example.org,2023-04-19,spam
699723e9-a7d0-4ab0-bcf4-317fced17c2c,Oferta imperdível!,A sua conta foi comprometida. Clique aqui para atualizar suas informações imediatamente.,misty33@example.com,2021-05-12,spam
e897bb7f-30cc-4a54-a8b5-6ef76f0eddf9,Confirmação de reunião,Estou enviando o resumo da reunião de ontem.,richard06@example.org,2024-03-17,não spam
d82af4db-f26f-45b0-9e37-99814ed52da6,Oferta imperdível!,Ganhe dinheiro fácil e rápido com nosso sistema! Clique agora.,amber03@example.com,2024-01-15,spam
d5bd3e27-fb46-4533-ad5d-557351b91d15,Nota fiscal de compra,"Por favor, veja o relatório de vendas do mês passado.",nfields@example.org,2023-09-30,não spam
b8c4d601-8fb3-4dc5-bb5c-a6206dbb27e3,Confirmação de reunião,"Por favor, revise o documento do novo projeto para aprovação.",xallen@example.net,2021-01-05,não spam
43590da0-61cf-4a2a-aec4-c5062ab44f75,Ganha bitcoins sem sair de casa,Empréstimo aprovado! Preencha seus dados para receber seu dinheiro hoje mesmo.,stephaniegoodwin@example.org,2023-01-22,spam
621f296d-85b3-470c-8780-7d92c2831d06,Nota fiscal de compra,"Por favor, veja o relatório de vendas do mês passado.",crawfordmichael@example.net,2022-05-11,não spam
2880fd5e-f549-4e0b-a92b-2bfecc9eb2e4,Resumo da semana,"Por favor, veja o relatório de vendas do mês passado.",merrittsandra@example.org,2020-03-01,não spam
3e45ef76-55e9-4608-81ae-236143d15292,Nota fiscal de compra,Segue em anexo o relatório financeiro de dezembro para sua revisão.,danielware@example.com,2023-10-09,não spam
72c6e3f9-6e2a-4590-90d3-c101a1db3e2b,Oferta exclusiva para você!,A sua conta foi comprometida. Clique aqui para atualizar suas informações imediatamente.,danielclarke@example.org,2023-11-11,spam
db3d0446-3674-44aa-9644-a6cde5aadb27,Urgente! Atualize sua conta agora!,Sua chance de ser um milionário está a um clique de distância! Acesse o site.,jamieshepherd@example.com,2023-12-15,spam
7442dde7-9a19-45ac-a861-411dec822379,Nota fiscal de compra,Confira o resumo de vendas de janeiro. Podemos discutir na reunião de amanhã.,timothymays@example.net,2022-08-25,não spam
49a3dea0-ebd3-4466-9618-8013ff9db828,Confirmação de reunião,Segue em anexo o relatório financeiro de dezembro para sua revisão.,steven03@example.net,2022-06-29,não spam
1f809edb-8317-4d4f-bf38-76de8bc1f227,Empréstimo rápido e sem burocracia,Parabéns! Você acaba de ganhar um prêmio de 1 milhão de dólares! Clique aqui para resgatar.,andrew80@example.net,2023-01-29,spam
087c2392-a940-41e3-b31d-83c823aa80bd,Novo projeto para revisão,Confira o resumo de vendas de janeiro. Podemos discutir na reunião de amanhã.,david76@example.net,2022-08-21,não spam
54539bd6-32a9-4130-a131-18b7e69ead54,Relatório de vendas,Segue a nota fiscal de compra da última transação.,smithfrances@example.net,2022-10-25,não spam
6195de20-0b59-4efb-b8d1-33138cde1fab,Relatório de vendas,Confira o resumo de vendas de janeiro. Podemos discutir na reunião de amanhã.,uclark@example.com,2024-08-28,não spam
505f3a5f-ff78-47ca-b18b-9c8c3cc254f3,Seu cartão de crédito foi aprovado,Empréstimo aprovado! Preencha seus dados para receber seu dinheiro hoje mesmo.,susanestrada@example.net,2024-11-22,spam
3109a3c6-b06c-4a8d-9201-1750eafedf51,Confirmação de reunião,"Por favor, revise o documento do novo projeto para aprovação.",amanda62@example.com,2024-12-23,não spam
e4c1b4e8-e9d6-40d4-8a0f-d3cc0b3c15c7,Confirmação de reunião,Estou enviando o resumo da reunião de ontem.,stevensjoseph@example.com,2023-09-21,não spam
dacadee4-72a3-4962-a420-bbb72e2ff90b,Confirmação de reunião,"Por favor, revise o documento do novo projeto para aprovação.",amanda17@example.com,2020-10-02,não spam
304b3f04-83d1-4e11-b158-57da81cf4f8e,Ganha bitcoins sem sair de casa,A sua conta foi comprometida. Clique aqui para atualizar suas informações imediatamente.,diana13@example.com,2022-04-02,spam
250a0e91-e546-4da6-a4a3-1b0d8e8914b9,Seu cartão de crédito foi aprovado,Parabéns! Você acaba de ganhar um prêmio de 1 milhão de dólares! Clique aqui para resgatar.,brianadiaz@example.com,2024-08-30,spam
e8d6bc8f-c5d2-409b-b90d-ab0062eeae1a,Oferta imperdível!,Parabéns! Você acaba de ganhar um prêmio de 1 milhão de dólares! Clique aqui para resgatar.,williammyers@example.com,2023-04-23,spam
d1ff8d22-d3b6-41c8-80b8-046dad4b85a3,Oferta exclusiva para você!,Sua chance de ser um milionário está a um clique de distância! Acesse o site.,robertfrench@example.org,2023-11-12,spam
23726152-cda3-4581-b609-1ec805d4a77e,Relatório financeiro de dezembro,Segue a nota fiscal de compra da última transação.,lanetamara@example.net,2024-10-11,não spam
f2eccece-670e-404a-b61f-8e7389491104,Nota fiscal de compra,Segue a nota fiscal de compra da última transação.,timothyjones@example.org,2024-09-20,não spam
78cf6b7c-eb0c-4b77-b745-3b156979265e,Confirmação de reunião,"Por favor, revise o documento do novo projeto para aprovação.",joshua70@example.org,2024-07-18,não spam
98a4d953-432d-4113-b886-4ff9426e2e3a,Urgente! Atualize sua conta agora!,Parabéns! Você acaba de ganhar um prêmio de 1 milhão de dólares! Clique aqui para resgatar.,elizabeth59@example.net,2021-07-17,spam
990eb8a3-2e2c-4525-a6bd-dfba44728453,Convite para reunião,"Por favor, veja o relatório de vendas do mês passado.",barbara36@example.net,2020-10-03,não spam
e6f1fd7a-0bf2-46fd-8f30-aed89fafc7d0,Resumo da semana,"Por favor, revise o documento do novo projeto para aprovação.",zspencer@example.com,2022-06-07,não spam
7f923657-556f-4a6b-bba8-7c0292c04363,Relatório de vendas,Segue a nota fiscal de compra da última transação.,william39@example.org,2022-10-27,não spam
58d8d272-769a-463f-8f30-2d2027e01177,Relatório de vendas,"Por favor, veja o relatório de vendas do mês passado.",tlloyd@example.com,2023-07-12,não spam
b3f83c33-e832-4064-910d-8d81fbfa5b89,Resumo da semana,Segue a agenda da reunião de sexta-feira.,william85@example.com,2020-11-08,não spam
de03cf5d-f786-4b7c-b6f5-2783babddcc4,Relatório financeiro de dezembro,Segue a agenda da reunião de sexta-feira.,mark04@example.org,2020-03-05,não spam
c97b47c4-08b9-4519-b98d-5afcf90e2f5c,Oferta exclusiva para você!,A sua conta foi comprometida. Clique aqui para atualizar suas informações imediatamente.,john42@example.com,2023-09-20,spam
2af6f749-8fba-43dd-bf12-72cec4892c74,Resumo da semana,"Por favor, veja o relatório de vendas do mês passado.",ehodges@example.org,2024-12-26,não spam
81a33387-35e6-423c-a294-8b8294799c15,Ganhe dinheiro fácil!,Não perca a oportunidade de fazer um investimento de baixo risco e alto retorno. Clique agora!,allenshannon@example.com,2024-04-10,spam
0d89ec5e-92b9-4222-9e3c-c40c84bbafd0,Relatório financeiro de dezembro,Segue a agenda da reunião de sexta-feira.,fordheather@example.net,2024-09-01,não spam
c31f4f22-1d41-4e25-ab24-20a9aaf7bee0,Urgente! Atualize sua conta agora!,Não perca a chance de ganhar bitcoins grátis! Cadastre-se agora.,derrick70@example.net,2022-02-09,spam
b62f7304-523f-450c-b64e-4fc3a8482bc4,Convite para reunião,"Por favor, revise o documento do novo projeto para aprovação.",petersendawn@example.com,2021-07-10,não spam
f11c15d8-1978-44f1-b8e1-f4a15ed0ee7b,Ganha bitcoins sem sair de casa,Não perca a chance de ganhar bitcoins grátis! Cadastre-se agora.,dsmith@example.net,2022-06-28,spam
3450c500-7391-4a48-9e31-c31beeea7fd1,Urgente! Atualize sua conta agora!,Ganhe dinheiro fácil e rápido com nosso sistema! Clique agora.,charlescrosby@example.net,2021-07-27,spam
efde8b75-205b-454d-a2fe-509d9d73010e,Relatório de vendas,Estou enviando o resumo da reunião de ontem.,cwalker@example.net,2022-08-24,não spam
799bf653-dd57-4141-8495-7ccf1869f73f,Confirmação de reunião,"Por favor, revise o documento do novo projeto para aprovação.",guerrerobrandon@example.net,2020-08-24,não spam
3c982b9e-7f6d-429b-84a4-1b28e69ef245,Nota fiscal de compra,Confirmando nossa reunião agendada para o dia 15 de janeiro.,nathancrawford@example.org,2023-05-01,não spam
6e523fbf-0813-4abc-a4b0-81b08d5e4e11,Oferta exclusiva para você!,A sua conta foi comprometida. Clique aqui para atualizar suas informações imediatamente.,neildavis@example.com,2020-02-23,spam
07ca8e4f-0275-44e3-9ebf-4ee232077560,Resumo da semana,Confirmando nossa reunião agendada para o dia 15 de janeiro.,rodneymayo@example.net,2020-10-29,não spam
ca7563d8-55e9-40c0-b183-78fdbc897f0a,Oferta exclusiva para você!,Sua chance de ser um milionário está a um clique de distância! Acesse o site.,briannawilson@example.org,2021-01-07,spam
642b3fb5-2a8e-45fb-8c02-9061398f2794,Relatório financeiro de dezembro,Confirmando nossa reunião agendada para o dia 15 de janeiro.,elizabethpena@example.net,2023-09-10,não spam
1b1e5bc3-66c7-46c8-b2f9-5c7b0a3143e1,Relatório de vendas,Confira o resumo de vendas de janeiro. Podemos discutir na reunião de amanhã.,brandonhall@example.net,2022-03-07,não spam
635d3f8b-1069-4aed-85d8-b7149056347c,Resumo da semana,"Por favor, veja o relatório de vendas do mês passado.",jonathon56@example.net,2023-08-26,não spam
610f9bbc-c986-448a-9dcb-2d398532ade8,Seu cartão de crédito foi aprovado,Sua chance de ser um milionário está a um clique de distância! Acesse o site.,huangchristopher@example.org,2024-12-17,spam
8e6c5043-16a7-42b0-9804-5fd3cb84567f,Seu cartão de crédito foi aprovado,Sua chance de ser um milionário está a um clique de distância! Acesse o site.,brittany60@example.com,2023-06-05,spam
c327dc0d-b88c-459e-b706-767f5b8e87d6,Relatório financeiro de dezembro,"Por favor, revise o documento do novo projeto para aprovação.",rollinsjay@example.net,2022-07-14,não spam
e483dd1a-fbde-4b4c-853a-91d51373df79,Convite para reunião,Confira o resumo de vendas de janeiro. Podemos discutir na reunião de amanhã.,terrisilva@example.net,2023-03-04,não spam
f8807831-3438-4ced-9f96-34a778cb2cad,Nota fiscal de compra,"Por favor, veja o relatório de vendas do mês passado.",jeremiahobrien@example.net,2021-08-20,não spam
e5e37fe2-4fa4-4b9e-9d10-e7c30e76d98f,Confirmação de reunião,Confirmando nossa reunião agendada para o dia 15 de janeiro.,xsparks@example.net,2023-03-21,não spam
63b1dbe6-3d5a-42f6-8300-0d3b3ad06701,Urgente! Atualize sua conta agora!,Sua chance de ser um milionário está a um clique de distância! Acesse o site.,cfrey@example.com,2022-08-17,spam
6101322d-2a19-4d2c-8dc8-1ae8f1a2311a,Seu cartão de crédito foi aprovado,Empréstimo aprovado! Preencha seus dados para receber seu dinheiro hoje mesmo.,sotoevelyn@example.net,2022-02-22,spam
53067bfa-13cc-4979-9fba-444db0c75954,Relatório financeiro de dezembro,"Por favor, veja o relatório de vendas do mês passado.",omontgomery@example.com,2021-09-19,não spam
0a250132-710e-458c-98e4-7804ff2dedff,Urgente! Atualize sua conta agora!,Ganhe dinheiro fácil e rápido com nosso sistema! Clique agora.,dylanmoses@example.org,2023-04-28,spam
35eac1b3-507a-4005-951d-decddb080c48,Resumo da semana,Segue a nota fiscal de compra da última transação.,andrea86@example.com,2022-07-17,não spam
38fd7093-bb46-4c97-af19-9836861980e3,Ganha bitcoins sem sair de casa,Empréstimo aprovado! Preencha seus dados para receber seu dinheiro hoje mesmo.,sandra03@example.com,2020-04-10,spam
876d5bd2-7b69-4c9c-85dc-08581916faf8,Confirmação de reunião,Segue em anexo o relatório financeiro de dezembro para sua revisão.,amandarodriguez@example.org,2020-01-14,não spam
d428c870-eec5-4cc7-81cf-6747cd77788d,Nota fiscal de compra,Segue em anexo o relatório financeiro de dezembro para sua revisão.,knightbrandon@example.org,2024-09-19,não spam
3306e0e9-0ef9-4eef-ab03-44e0dc01d629,Resumo da semana,Segue a agenda da reunião de sexta-feira.,dorothysanchez@example.org,2021-11-21,não spam
72844e8e-7567-45f5-b53c-4ce3f0238baf,Relatório financeiro de dezembro,Segue a agenda da reunião de sexta-feira.,torresmonica@example.com,2023-12-01,não spam
2577bdd0-017b-4ff8-aeff-e47b0df5841f,Seu cartão de crédito foi aprovado,Ganhe dinheiro fácil e rápido com nosso sistema! Clique agora.,bowenkara@example.com,2024-06-22,spam
459967d7-cf32-4e8a-9b55-4aaaee165ccd,Relatório de vendas,Segue em anexo o relatório financeiro de dezembro para sua revisão.,adamgillespie@example.org,2020-10-01,não spam
38cec6f6-29c9-443d-a8cf-9ecaaa337c10,Oferta exclusiva para você!,Sua chance de ser um milionário está a um clique de distância! Acesse o site.,hwebb@example.net,2021-10-30,spam
11a4b207-b3ba-4446-af06-7ffe98327681,Convite para reunião,Segue em anexo o relatório financeiro de dezembro para sua revisão.,lynnholland@example.org,2022-08-11,não spam
bacca8e7-930e-4be8-b893-69f8715ac739,Seu cartão de crédito foi aprovado,Empréstimo aprovado! Preencha seus dados para receber seu dinheiro hoje mesmo.,fosterjennifer@example.com,2021-12-17,spam
87319f62-0324-4889-a61f-8e22b89a2546,Nota fiscal de compra,"Por favor, revise o documento do novo projeto para aprovação.",brownjason@example.net,2020-10-15,não spam
2d25a716-496b-407f-8627-5eca7582f4e7,Urgente! Atualize sua conta agora!,Empréstimo aprovado! Preencha seus dados para receber seu dinheiro hoje mesmo.,jonathanwilliamson@example.net,2024-05-16,spam
5e0e1365-f373-407a-bb1f-031d662fcdcd,Convite para reunião,Estou enviando o resumo da reunião de ontem.,alvarezlisa@example.com,2021-08-23,não spam
a2506bbb-2ade-497b-99b0-67d2c3ea9ae5,Urgente! Atualize sua conta agora!,Sua chance de ser um milionário está a um clique de distância! Acesse o site.,jasonlawrence@example.net,2024-09-01,spam
5cabfbb6-9ffe-4e9a-9824-a1fe8f447e76,Oferta imperdível!,A sua conta foi comprometida. Clique aqui para atualizar suas informações imediatamente.,randallmargaret@example.org,2023-05-31,spam
14badd62-6385-4af6-a6f4-7717e6f36161,Oferta imperdível!,Sua chance de ser um milionário está a um clique de distância! Acesse o site.,kathleenscott@example.com,2024-03-11,spam
f9ada69f-0f8b-4340-b173-76851ab891e2,Seu cartão de crédito foi aprovado,Não perca a oportunidade de fazer um investimento de baixo risco e alto retorno. Clique agora!,belinda02@example.com,2022-02-17,spam
1f67b179-bddb-4bcd-8698-76dd1bf8c620,Relatório de vendas,Confirmando nossa reunião agendada para o dia 15 de janeiro.,bradley01@example.org,2020-03-20,não spam
2ca9d759-0f68-4a42-8638-c8b9f566cc1d,Empréstimo rápido e sem burocracia,Não perca a chance de ganhar bitcoins grátis! Cadastre-se agora.,richardsjose@example.org,2023-12-26,spam
4644feef-20a7-42da-b92f-3a30b2790432,Seu cartão de crédito foi aprovado,Sua chance de ser um milionário está a um clique de distância! Acesse o site.,harrismiguel@example.org,2024-07-08,spam
735002af-98d9-469e-af96-1600c3f60ed7,Convite para reunião,Confira o resumo de vendas de janeiro. Podemos discutir na reunião de amanhã.,tammyflores@example.org,2021-11-15,não spam
3c50859d-42a2-4575-857e-81e82807b20a,Confirmação de reunião,Segue a nota fiscal de compra da última transação.,campbellstephanie@example.com,2020-03-20,não spam
6ac2a563-ab66-4fdc-bb24-6107062a2311,Oferta imperdível!,Ganhe dinheiro fácil e rápido com nosso sistema! Clique agora.,thompsondeborah@example.net,2025-01-01,spam
a6c2212e-4717-4def-8973-84eddf82d2eb,Convite para reunião,Confirmando nossa reunião agendada para o dia 15 de janeiro.,awilliams@example.com,2020-02-08,não spam
5822bb15-d504-4d7f-842c-1c294cfc3e8c,Ganhe dinheiro fácil!,Seu cartão de crédito foi aprovado! Clique no link para ativá-lo.,barnettrobert@example.org,2024-10-22,spam
6976f384-cddd-4a81-8406-97e7288d7f46,Seu cartão de crédito foi aprovado,A sua conta foi comprometida. Clique aqui para atualizar suas informações imediatamente.,seanperez@example.com,2021-05-11,spam
c21c7c0e-77c6-4b4b-9d98-575c09d4061f,Relatório financeiro de dezembro,"Por favor, revise o documento do novo projeto para aprovação.",wlewis@example.com,2022-07-24,não spam
59f7f783-3a42-45d1-ad96-a67831fa0f77,Nota fiscal de compra,Estou enviando o resumo da reunião de ontem.,michaelruiz@example.org,2021-01-31,não spam
b8e072e9-05a1-475f-9cbe-6743acea9382,Ganhe dinheiro fácil!,Não perca a oportunidade de fazer um investimento de baixo risco e alto retorno. Clique agora!,karendavis@example.org,2021-03-09,spam
4b13957d-e546-4a8a-b409-7b4c1bf2c416,Seu cartão de crédito foi aprovado,Não perca a chance de ganhar bitcoins grátis! Cadastre-se agora.,bonnienichols@example.com,2022-07-30,spam
a53462ef-aedc-4551-95d1-1b242144f62a,Seu cartão de crédito foi aprovado,Seu cartão de crédito foi aprovado! Clique no link para ativá-lo.,wwise@example.com,2022-07-19,spam
8c1cd3e9-067e-439f-9804-c50d59f246ed,Ganha bitcoins sem sair de casa,Sua chance de ser um milionário está a um clique de distância! Acesse o site.,perezsarah@example.net,2023-08-01,spam
a303b668-e900-4b41-a34a-7137578a3a1a,Empréstimo rápido e sem burocracia,Sua chance de ser um milionário está a um clique de distância! Acesse o site.,loriflores@example.org,2024-11-01,spam
4798cfbc-61c0-42dd-ae54-fd1e4d8c375b,Confirmação de reunião,Segue a agenda da reunião de sexta-feira.,cassandra85@example.net,2024-03-10,não spam
2848fe75-aca9-4741-a7b5-24863f7cdaca,Ganha bitcoins sem sair de casa,Seu cartão de crédito foi aprovado! Clique no link para ativá-lo.,tinaortega@example.org,2020-07-22,spam
f8440dd8-73c3-420c-ad0b-8fc240c5842b,Confirmação de reunião,Estou enviando o resumo da reunião de ontem.,gnoble@example.net,2021-11-29,não spam
155909a7-77aa-433b-b05c-270041e0bd41,Novo projeto para revisão,Segue a nota fiscal de compra da última transação.,watsonmichael@example.net,2022-08-16,não spam
cc2ec64d-cf7a-4937-b225-18d4950ebece,Nota fiscal de compra,"Por favor, revise o documento do novo projeto para aprovação.",ecox@example.com,2020-01-15,não spam
83bbd8bb-18ab-48df-b6d9-a54fd335bb72,Nota fiscal de compra,Confira o resumo de vendas de janeiro. Podemos discutir na reunião de amanhã.,cabreracorey@example.org,2021-06-06,não spam
10540b04-df4e-41aa-b7fc-40ed8b2797ed,Relatório financeiro de dezembro,"Por favor, revise o documento do novo projeto para aprovação.",john63@example.com,2023-01-07,não spam
05a7be18-4da9-4cef-a15c-72eff5e15e48,Ganhe dinheiro fácil!,A sua conta foi comprometida. Clique aqui para atualizar suas informações imediatamente.,xtrujillo@example.com,2022-07-05,spam
99f51810-3ccf-4c70-b9da-3cfb286fe451,Confirmação de reunião,Confira o resumo de vendas de janeiro. Podemos discutir na reunião de amanhã.,jacob12@example.org,2023-10-28,não spam
4a4187a2-5a7a-4212-83a1-32b75312e1ca,Empréstimo rápido e sem burocracia,Parabéns! Você acaba de ganhar um prêmio de 1 milhão de dólares! Clique aqui para resgatar.,robertgraham@example.com,2022-11-24,spam
1859e75e-f76b-407a-a801-e63bc4d1938e,Relatório financeiro de dezembro,"Por favor, veja o relatório de vendas do mês passado.",levyeric@example.org,2024-01-28,não spam
968b3473-b152-4aad-b7e1-3f9a38df2552,Relatório de vendas,Segue a nota fiscal de compra da última transação.,james41@example.net,2024-12-07,não spam
14e81647-3b13-4e03-a630-b8793c0d87f7,Seu cartão de crédito foi aprovado,Parabéns! Você acaba de ganhar um prêmio de 1 milhão de dólares! Clique aqui para resgatar.,nmckenzie@example.com,2024-02-12,spam
c49b2a9c-0e66-4dfc-b151-858a941b7feb,Oferta exclusiva para você!,Sua chance de ser um milionário está a um clique de distância! Acesse o site.,stacie13@example.net,2024-01-30,spam
8e64986a-fcf1-4b44-b95a-75b5fbf27884,Convite para reunião,"Por favor, revise o documento do novo projeto para aprovação.",mendozamichael@example.net,2021-12-01,não spam
607fb52c-0727-415a-ab2c-9e6efcaa5ab4,Empréstimo rápido e sem burocracia,A sua conta foi comprometida. Clique aqui para atualizar suas informações imediatamente.,johnsonleonard@example.net,2020-05-03,spam
981fb042-4be0-4cca-ae84-5f3973510b9e,Convite para reunião,Confirmando nossa reunião agendada para o dia 15 de janeiro.,uwade@example.org,2022-04-09,não spam
59f3a261-3ea4-47b2-bedf-6bf8e9c8da86,Relatório de vendas,Confira o resumo de vendas de janeiro. Podemos discutir na reunião de amanhã.,kim85@example.net,2021-11-04,não spam
5a032e0d-30b7-456e-a24f-c35fb806e80e,Convite para reunião,"Por favor, veja o relatório de vendas do mês passado.",kcontreras@example.net,2022-08-14,não spam
08392474-8909-465b-bcb6-9b8ade288e24,Ganha bitcoins sem sair de casa,Não perca a chance de ganhar bitcoins grátis! Cadastre-se agora.,zthomas@example.com,2021-04-16,spam
4ce35656-aafc-4528-8029-e5f99561577e,Confirmação de reunião,"Por favor, veja o relatório de vendas do mês passado.",caldwellkimberly@example.net,2023-07-08,não spam
ba0f48b5-c7dc-4bd7-a9aa-6f055999e5e9,Resumo da semana,"Por favor, veja o relatório de vendas do mês passado.",roger65@example.org,2023-07-18,não spam
c7c4cfbe-e4ab-4740-b778-f4a58f3e97d9,Nota fiscal de compra,Estou enviando o resumo da reunião de ontem.,petersenpatrick@example.org,2024-02-11,não spam
bdd9c02d-e8c2-48b2-958f-4be94d4f70ce,Relatório de vendas,Segue a nota fiscal de compra da última transação.,richjeffrey@example.org,2023-03-15,não spam
0690c8f9-8787-42b4-af6a-74ef10084402,Relatório financeiro de dezembro,Segue a agenda da reunião de sexta-feira.,ifreeman@example.com,2023-11-15,não spam
929e15e0-5c5b-4564-ba98-01071a8a2385,Ganhe dinheiro fácil!,Sua chance de ser um milionário está a um clique de distância! Acesse o site.,pcolon@example.net,2024-01-23,spam
3c62057c-23ff-444e-ac80-56044dfad779,Urgente! Atualize sua conta agora!,A sua conta foi comprometida. Clique aqui para atualizar suas informações imediatamente.,ysimpson@example.net,2021-05-08,spam
d862b939-aa2a-48f5-bb95-a32517b754b8,Ganhe dinheiro fácil!,A sua conta foi comprometida. Clique aqui para atualizar suas informações imediatamente.,scottyu@example.net,2021-02-11,spam
8bf6b2ec-29b9-4bb7-beaa-e5fd0276c7e8,Novo projeto para revisão,Confira o resumo de vendas de janeiro. Podemos discutir na reunião de amanhã.,webbjames@example.net,2024-01-19,não spam
fd287d13-59e4-4482-8292-659e1a62bb13,Resumo da semana,Segue a nota fiscal de compra da última transação.,weberpaige@example.net,2024-03-02,não spam
aed9e10f-e469-4a49-b8c3-6035bc324abb,Ganhe dinheiro fácil!,Não perca a chance de ganhar bitcoins grátis! Cadastre-se agora.,timothy59@example.net,2020-07-26,spam
05887c24-be18-4f54-8e0c-87a9a24a9961,Urgente! Atualize sua conta agora!,A sua conta foi comprometida. Clique aqui para atualizar suas informações imediatamente.,tmcdonald@example.com,2022-04-30,spam
a3f0c7ed-5332-494d-b0b2-586a7b3c8fb0,Ganha bitcoins sem sair de casa,Parabéns! Você acaba de ganhar um prêmio de 1 milhão de dólares! Clique aqui para resgatar.,cynthialawrence@example.net,2020-03-08,spam
19ff9e10-0079-47de-8daa-a3dfa1b57344,Oferta exclusiva para você!,Parabéns! Você acaba de ganhar um prêmio de 1 milhão de dólares! Clique aqui para resgatar.,harmstrong@example.net,2022-01-19,spam
0d3adfd3-7239-40bf-a3c4-7eabb992a9a5,Ganha bitcoins sem sair de casa,Ganhe dinheiro fácil e rápido com nosso sistema! Clique agora.,josephlewis@example.org,2022-02-24,spam
f8b6d06c-a2c2-4fd7-bc4b-b9132dfbf15d,Oferta exclusiva para você!,Sua chance de ser um milionário está a um clique de distância! Acesse o site.,zhenry@example.net,2022-08-27,spam
f6964307-f63e-4ba6-8898-09603742b07e,Resumo da semana,"Por favor, revise o documento do novo projeto para aprovação.",katherinemorgan@example.com,2024-01-12,não spam
20d902c7-0c5d-4f5b-aa2f-914f209b9934,Seu cartão de crédito foi aprovado,Sua chance de ser um milionário está a um clique de distância! Acesse o site.,gutierreztracy@example.net,2020-03-01,spam
ca097086-8091-45be-b472-5ec80847f8e2,Relatório financeiro de dezembro,Confira o resumo de vendas de janeiro. Podemos discutir na reunião de amanhã.,tlopez@example.org,2024-07-27,não spam
aa59f6df-d2cb-4a4c-a9b2-bb7b052fa341,Urgente! Atualize sua conta agora!,Ganhe dinheiro fácil e rápido com nosso sistema! Clique agora.,emilythompson@example.net,2022-10-06,spam
f09703f8-24cf-4e79-acc7-69602b5823df,Relatório financeiro de dezembro,Estou enviando o resumo da reunião de ontem.,anthonyphelps@example.org,2022-11-29,não spam
396c608e-561d-43c2-86c9-a8cf81405cf7,Resumo da semana,Confirmando nossa reunião agendada para o dia 15 de janeiro.,hillphillip@example.org,2020-09-09,não spam
7fa115c2-3def-46f8-8c56-4efb94408ad5,Relatório de vendas,Confira o resumo de vendas de janeiro. Podemos discutir na reunião de amanhã.,boonecassie@example.com,2021-08-04,não spam
515be07d-9d24-4556-9131-989c2138737b,Oferta imperdível!,Ganhe dinheiro fácil e rápido com nosso sistema! Clique agora.,eparsons@example.net,2021-07-23,spam
3080bb7a-deb0-41cc-a840-93331d73091a,Relatório de vendas,"Por favor, veja o relatório de vendas do mês passado.",zamoracandace@example.org,2024-10-05,não spam
43e8fd59-b0ca-4617-9044-4a998879e8a4,Relatório financeiro de dezembro,Confirmando nossa reunião agendada para o dia 15 de janeiro.,twolf@example.com,2021-06-29,não spam
4d4713c0-c573-4189-8db8-91ccedb93923,Novo projeto para revisão,Segue a agenda da reunião de sexta-feira.,mariowilliams@example.com,2021-12-24,não spam
8d875ed4-608b-499e-9920-e7f0e08f9e98,Novo projeto para revisão,Segue a agenda da reunião de sexta-feira.,vicki55@example.org,2020-03-26,não spam
5ebef1f6-48d6-4398-9f35-6d24bbad13ef,Você foi selecionado para um prêmio!,Parabéns! Você acaba de ganhar um prêmio de 1 milhão de dólares! Clique aqui para resgatar.,thorn@example.org,2022-06-25,spam
5dc47ddf-6103-40f6-9fda-d9557130d733,Oferta exclusiva para você!,Sua chance de ser um milionário está a um clique de distância! Acesse o site.,dbeck@example.com,2021-07-01,spam
b1bf5f97-aafe-4f9b-9bd6-bc21efc95404,Ganhe dinheiro fácil!,Parabéns! Você acaba de ganhar um prêmio de 1 milhão de dólares! Clique aqui para resgatar.,lanenicholas@example.org,2022-05-11,spam
55a19e13-8811-4a0e-b3be-615d1e70f977,Oferta exclusiva para você!,Parabéns! Você acaba de ganhar um prêmio de 1 milhão de dólares! Clique aqui para resgatar.,wmontes@example.org,2024-07-18,spam
abe0ccda-9799-4746-b79f-7c99a0a884cf,Relatório de vendas,"Por favor, revise o documento do novo projeto para aprovação.",logansarah@example.net,2021-08-17,não spam
f49e9a2b-8020-40df-86d3-fdbdcba7e504,Você foi selecionado para um prêmio!,Sua chance de ser um milionário está a um clique de distância! Acesse o site.,martindavis@example.org,2022-12-08,spam
b53e7109-6db7-4800-810a-b228396c0217,Novo projeto para revisão,Confira o resumo de vendas de janeiro. Podemos discutir na reunião de amanhã.,walkerfrederick@example.net,2020-04-25,não spam
f6f64352-920e-4b10-9489-aa8167bb4552,Convite para reunião,Confirmando nossa reunião agendada para o dia 15 de janeiro.,shealindsey@example.net,2022-11-29,não spam
38047747-f881-491a-b33d-c2b17e3664c2,Oferta imperdível!,Parabéns! Você acaba de ganhar um prêmio de 1 milhão de dólares! Clique aqui para resgatar.,cherylmoore@example.net,2020-02-19,spam
0c4bd9a3-3022-4560-99d1-39829fdaa76d,Seu cartão de crédito foi aprovado,Ganhe dinheiro fácil e rápido com nosso sistema! Clique agora.,kellyeric@example.org,2024-07-02,spam
76065cfc-d315-4da5-abd7-3bddec4725f8,Oferta imperdível!,Parabéns! Você acaba de ganhar um prêmio de 1 milhão de dólares! Clique aqui para resgatar.,griffinchristopher@example.org,2022-01-16,spam
23f41210-a173-4b54-b467-0546d4a575a4,Oferta imperdível!,A sua conta foi comprometida. Clique aqui para atualizar suas informações imediatamente.,lmccall@example.org,2023-01-07,spam
b1c02802-2321-43f3-b8bf-300c2dfd529a,Relatório de vendas,Confirmando nossa reunião agendada para o dia 15 de janeiro.,jennifer09@example.org,2021-11-24,não spam
95ad6762-764f-4f44-8f97-80a7e21e6f6c,Urgente! Atualize sua conta agora!,Não perca a oportunidade de fazer um investimento de baixo risco e alto retorno. Clique agora!,garrettmadison@example.com,2020-07-03,spam
2af909c1-6b63-4ef7-b1ef-0f2aa2b27bfa,Ganhe dinheiro fácil!,Parabéns! Você acaba de ganhar um prêmio de 1 milhão de dólares! Clique aqui para resgatar.,uferrell@example.com,2020-06-20,spam
e8dd3006-42f1-4203-97a5-ca89d881f74f,Oferta imperdível!,Não perca a oportunidade de fazer um investimento de baixo risco e alto retorno. Clique agora!,williamsdoris@example.org,2024-11-08,spam
f68d1bea-a8c2-418b-a786-74437a5768c2,Resumo da semana,Estou enviando o resumo da reunião de ontem.,tperry@example.net,2023-12-02,não spam
14a8b069-f8d2-4ad9-b7b3-ed71b104dd93,Urgente! Atualize sua conta agora!,Empréstimo aprovado! Preencha seus dados para receber seu dinheiro hoje mesmo.,smithkimberly@example.com,2021-10-04,spam
618192f6-b958-4dcb-adeb-26338275d0ca,Seu cartão de crédito foi aprovado,Empréstimo aprovado! Preencha seus dados para receber seu dinheiro hoje mesmo.,belljames@example.net,2023-10-10,spam
a935914b-696c-4ad2-83eb-665a374d459a,Confirmação de reunião,Confira o resumo de vendas de janeiro. Podemos discutir na reunião de amanhã.,kevinpowell@example.org,2021-12-01,não spam
98820849-ddc2-4f00-b0a9-98bab3632083,Ganhe dinheiro fácil!,Ganhe dinheiro fácil e rápido com nosso sistema! Clique agora.,ebarr@example.com,2020-11-09,spam
8abc9b3b-db17-4949-8f1f-0597ddc5bf60,Empréstimo rápido e sem burocracia,Parabéns! Você acaba de ganhar um prêmio de 1 milhão de dólares! Clique aqui para resgatar.,wilkinsjose@example.net,2023-08-18,spam
3497b4b3-4d4a-4f20-9425-cb63a97a61a1,Seu cartão de crédito foi aprovado,Sua chance de ser um milionário está a um clique de distância! Acesse o site.,kennethjohnson@example.org,2020-11-11,spam
de61d3b6-4ab0-476c-8a3d-077681cb7eb0,Ganha bitcoins sem sair de casa,Sua chance de ser um milionário está a um clique de distância! Acesse o site.,carpentertimothy@example.com,2020-02-09,spam
642e30c7-6e83-4891-a18f-a2440c3f7613,Nota fiscal de compra,Segue a nota fiscal de compra da última transação.,atkinsbenjamin@example.com,2022-12-05,não spam
a5b3e174-dc18-4d83-8757-8eda7f8d98e0,Ganhe dinheiro fácil!,Sua chance de ser um milionário está a um clique de distância! Acesse o site.,maria82@example.net,2022-11-13,spam
50db2c42-e48a-40f5-831f-e6c96c7ff369,Relatório financeiro de dezembro,Confira o resumo de vendas de janeiro. Podemos discutir na reunião de amanhã.,christopherli@example.org,2024-09-19,não spam
ba4b4b42-3939-486d-a52f-76016f71d177,Relatório financeiro de dezembro,"Por favor, veja o relatório de vendas do mês passado.",pblevins@example.com,2021-10-13,não spam
a29e1730-3b0c-4cdf-ae7d-512666bcde93,Oferta exclusiva para você!,Empréstimo aprovado! Preencha seus dados para receber seu dinheiro hoje mesmo.,heather03@example.com,2024-01-17,spam
5fdfa541-91f0-4013-a369-a54168ff5a89,Oferta exclusiva para você!,Seu cartão de crédito foi aprovado! Clique no link para ativá-lo.,erica70@example.org,2021-05-07,spam
a2c77047-179c-4072-a532-71052b60fd31,Ganha bitcoins sem sair de casa,Não perca a chance de ganhar bitcoins grátis! Cadastre-se agora.,thomasskinner@example.com,2023-07-17,spam
c840e198-2eac-4bc4-a322-693bc57871bb,Ganha bitcoins sem sair de casa,Não perca a chance de ganhar bitcoins grátis! Cadastre-se agora.,lorikeith@example.net,2022-08-08,spam
0f99631a-f250-4ca5-bd1c-3674aa953bb0,Você foi selecionado para um prêmio!,A sua conta foi comprometida. Clique aqui para atualizar suas informações imediatamente.,steven75@example.net,2020-09-20,spam
22f561e3-512c-43e9-bd14-ca075ac7b237,Nota fiscal de compra,Confira o resumo de vendas de janeiro. Podemos discutir na reunião de amanhã.,mariahmanning@example.net,2023-10-21,não spam
177fa4a9-0083-4d41-8517-0f5d18aa0171,Resumo da semana,Segue a agenda da reunião de sexta-feira.,donna54@example.net,2022-12-27,não spam
ba27dd60-2aa2-4d91-a085-e8d5bec6f449,Relatório financeiro de dezembro,Segue a nota fiscal de compra da última transação.,qcobb@example.org,2022-09-17,não spam
754ac7fb-71f0-4f46-b195-636fda37851d,Confirmação de reunião,Estou enviando o resumo da reunião de ontem.,ricardo54@example.com,2021-11-19,não spam
549b8185-33d3-48db-8ebd-145a45359b93,Ganha bitcoins sem sair de casa,Ganhe dinheiro fácil e rápido com nosso sistema! Clique agora.,teresa81@example.com,2024-06-03,spam
177e75cc-a717-40fa-96c8-b0edad8614c6,Oferta imperdível!,Não perca a chance de ganhar bitcoins grátis! Cadastre-se agora.,joel66@example.net,2020-03-08,spam
704c4590-e26d-4b0f-8890-48bfc3f0034a,Empréstimo rápido e sem burocracia,A sua conta foi comprometida. Clique aqui para atualizar suas informações imediatamente.,flittle@example.com,2022-08-26,spam
ddba050c-1eab-418d-9897-ba51d36075d2,Seu cartão de crédito foi aprovado,A sua conta foi comprometida. Clique aqui para atualizar suas informações imediatamente.,darrell14@example.org,2020-04-17,spam
f0be38f1-cf33-4a29-99dd-fa661aa05ecb,Confirmação de reunião,Estou enviando o resumo da reunião de ontem.,mariatorres@example.net,2024-10-22,não spam
b3da660b-2dd4-4aa2-b352-7cc3e34e2240,Oferta exclusiva para você!,Ganhe dinheiro fácil e rápido com nosso sistema! Clique agora.,daniel93@example.org,2020-09-07,spam
83baa5ff-ac7c-4467-ae68-9776869a0a51,Você foi selecionado para um prêmio!,Seu cartão de crédito foi aprovado! Clique no link para ativá-lo.,rsingleton@example.com,2022-07-17,spam
dfcb0235-cf07-411d-b5f9-d87fe15dfdaa,Empréstimo rápido e sem burocracia,Ganhe dinheiro fácil e rápido com nosso sistema! Clique agora.,edward72@example.net,2023-08-11,spam
867b4579-d0ba-44ec-88bf-26019192412b,Nota fiscal de compra,Confirmando nossa reunião agendada para o dia 15 de janeiro.,mary44@example.org,2023-08-01,não spam
a6a58927-49a8-425c-99fb-e3734ab20ece,Convite para reunião,Confira o resumo de vendas de janeiro. Podemos discutir na reunião de amanhã.,sarah18@example.com,2022-01-02,não spam
06fccde5-725f-419b-a916-60d786f49495,Empréstimo rápido e sem burocracia,A sua conta foi comprometida. Clique aqui para atualizar suas informações imediatamente.,tjones@example.org,2020-04-27,spam
51b788c5-549e-4530-9eaa-72b6130dba75,Seu cartão de crédito foi aprovado,Ganhe dinheiro fácil e rápido com nosso sistema! Clique agora.,danapeck@example.com,2021-07-14,spam
0f05ca74-df74-4f87-9bbe-1c16fe58e7dc,Convite para reunião,Segue a agenda da reunião de sexta-feira.,bhansen@example.org,2020-09-09,não spam
cec11047-29b5-4eb2-9ab5-c10a3edaecfb,Resumo da semana,Segue em anexo o relatório financeiro de dezembro para sua revisão.,smithbrent@example.net,2021-09-24,não spam
777a8829-e096-49a4-a41b-d6f155bda7ce,Nota fiscal de compra,Estou enviando o resumo da reunião de ontem.,james08@example.net,2020-10-19,não spam
711fd1e1-4423-4ca1-8899-1c6ca9f95876,Convite para reunião,Segue em anexo o relatório financeiro de dezembro para sua revisão.,steven92@example.com,2023-09-15,não spam
230e1baa-596e-4afc-b74d-edd85528ca67,Urgente! Atualize sua conta agora!,Parabéns! Você acaba de ganhar um prêmio de 1 milhão de dólares! Clique aqui para resgatar.,fkennedy@example.com,2023-04-25,spam
cdf04a04-b593-4432-853d-b784d1f74299,Convite para reunião,Estou enviando o resumo da reunião de ontem.,pcook@example.org,2023-02-14,não spam
94b11e48-8e5a-42e3-9f10-906b3160b612,Resumo da semana,Confira o resumo de vendas de janeiro. Podemos discutir na reunião de amanhã.,zgarcia@example.com,2023-01-09,não spam
61543ac0-085e-4184-b3ef-9dce22d3965f,Ganhe dinheiro fácil!,Parabéns! Você acaba de ganhar um prêmio de 1 milhão de dólares! Clique aqui para resgatar.,andrea06@example.org,2025-01-19,spam
34c1aa2b-0b63-4705-8519-69ccf50fd21c,Relatório de vendas,Estou enviando o resumo da reunião de ontem.,jonathan02@example.net,2023-07-07,não spam
e0d815eb-1c7b-4672-ad62-e40b364db899,Ganha bitcoins sem sair de casa,A sua conta foi comprometida. Clique aqui para atualizar suas informações imediatamente.,flowersjose@example.net,2023-08-02,spam
3672d9e3-da5f-4440-95f2-4dca1575d573,Urgente! Atualize sua conta agora!,A sua conta foi comprometida. Clique aqui para atualizar suas informações imediatamente.,vanessaking@example.net,2023-09-29,spam
155b5f78-7a67-43a9-ae3e-e2b5e95082c4,Seu cartão de crédito foi aprovado,Seu cartão de crédito foi aprovado! Clique no link para ativá-lo.,shannonsantiago@example.net,2023-09-02,spam
539ca3a3-c686-493f-b8e3-f9becdf2558b,Convite para reunião,"Por favor, revise o documento do novo projeto para aprovação.",bwilliams@example.com,2024-06-23,não spam
e260e801-5097-4f7c-82ea-a2c53161fa85,Nota fiscal de compra,Estou enviando o resumo da reunião de ontem.,luke35@example.com,2020-08-26,não spam
c5bf316c-8deb-4638-8ce5-b5f949ecdd72,Ganha bitcoins sem sair de casa,Não perca a chance de ganhar bitcoins grátis! Cadastre-se agora.,jennifer29@example.com,2023-05-05,spam
e56b15cb-2b59-4e1d-bfee-76c4c2ab4869,Urgente! Atualize sua conta agora!,Parabéns! Você acaba de ganhar um prêmio de 1 milhão de dólares! Clique aqui para resgatar.,aliciacordova@example.net,2024-02-01,spam
8d30f230-6838-443b-aafa-fb362ed9f480,Convite para reunião,Segue a nota fiscal de compra da última transação.,fostermary@example.net,2022-05-19,não spam
9753784f-bcd8-4721-942c-fa20dbedfddc,Confirmação de reunião,Confira o resumo de vendas de janeiro. Podemos discutir na reunião de amanhã.,woodsdavid@example.com,2023-05-10,não spam
780b0479-0ad2-4eee-8cc2-487b20c0d42b,Ganha bitcoins sem sair de casa,Ganhe dinheiro fácil e rápido com nosso sistema! Clique agora.,christophersullivan@example.com,2022-07-13,spam
9b15204a-3238-4817-96b0-d66544e69904,Oferta exclusiva para você!,Não perca a oportunidade de fazer um investimento de baixo risco e alto retorno. Clique agora!,sarah17@example.com,2025-01-22,spam
404036a8-c87f-4765-919b-4b6c70f44e8c,Confirmação de reunião,"Por favor, revise o documento do novo projeto para aprovação.",nealsarah@example.com,2023-07-06,não spam
8edea90c-3cb8-428f-846e-9bcad4d52099,Resumo da semana,"Por favor, veja o relatório de vendas do mês passado.",pclarke@example.net,2023-03-11,não spam
2f72a0a9-6fac-4f51-813f-0a3957b2aab2,Nota fiscal de compra,Confira o resumo de vendas de janeiro. Podemos discutir na reunião de amanhã.,shawnstone@example.net,2024-08-17,não spam
fba37e68-6e46-4bdf-bc51-65a459eec06e,Ganhe dinheiro fácil!,Ganhe dinheiro fácil e rápido com nosso sistema! Clique agora.,brianduran@example.org,2020-09-19,spam
8ef4a826-7e1e-481e-9f39-31037b62b22b,Relatório financeiro de dezembro,Estou enviando o resumo da reunião de ontem.,matthew85@example.net,2023-10-07,não spam
38206e42-b04d-4d5e-a541-c0f068e29b1d,Ganha bitcoins sem sair de casa,A sua conta foi comprometida. Clique aqui para atualizar suas informações imediatamente.,livingstonjeffrey@example.net,2024-11-15,spam
b75a15b1-c663-4f7c-9879-e1cd595ede91,Urgente! Atualize sua conta agora!,Ganhe dinheiro fácil e rápido com nosso sistema! Clique agora.,timothy32@example.com,2022-10-10,spam
37309c93-b57d-4e11-b0ce-b981a29a8a02,Seu cartão de crédito foi aprovado,Ganhe dinheiro fácil e rápido com nosso sistema! Clique agora.,bradley99@example.org,2024-12-17,spam
4000ca80-921d-4515-86a2-c1f5dd769436,Relatório financeiro de dezembro,Segue em anexo o relatório financeiro de dezembro para sua revisão.,oking@example.com,2020-01-02,não spam
a41442ce-216d-4ef2-9d5c-b890309b9091,Oferta exclusiva para você!,Não perca a chance de ganhar bitcoins grátis! Cadastre-se agora.,davisseth@example.org,2024-06-15,spam
bbf3fefb-76b6-40e3-bcd5-ec015aacf06d,Resumo da semana,Estou enviando o resumo da reunião de ontem.,ashley31@example.net,2021-10-05,não spam
d1ec4afb-95c5-4427-af75-83d15aa1b48f,Urgente! Atualize sua conta agora!,A sua conta foi comprometida. Clique aqui para atualizar suas informações imediatamente.,perezsandra@example.org,2020-05-06,spam
74ab991e-e6b9-4b91-a8f1-00ae8abb160c,Ganha bitcoins sem sair de casa,Empréstimo aprovado! Preencha seus dados para receber seu dinheiro hoje mesmo.,christopherharrington@example.net,2020-04-19,spam
49950d4b-a3a8-4433-a803-6b287337d0b4,Resumo da semana,"Por favor, revise o documento do novo projeto para aprovação.",joel32@example.org,2020-11-10,não spam
7590694a-586e-4e44-bc36-4d2f14a6f465,Ganhe dinheiro fácil!,Seu cartão de crédito foi aprovado! Clique no link para ativá-lo.,vlester@example.org,2022-06-21,spam
24c3fe02-32f4-4dd3-9064-154131541835,Ganha bitcoins sem sair de casa,Sua chance de ser um milionário está a um clique de distância! Acesse o site.,zchapman@example.org,2022-08-20,spam
c29980fb-9935-41df-a7f7-6c38e5006062,Confirmação de reunião,Segue a nota fiscal de compra da última transação.,daniellove@example.com,2024-02-06,não spam
b880a693-cf01-4116-aebe-79cfdfcc97af,Novo projeto para revisão,Confirmando nossa reunião agendada para o dia 15 de janeiro.,bcampbell@example.org,2020-12-26,não spam
6523ddc7-16bc-4f5f-aed9-b3fd37c5f472,Confirmação de reunião,"Por favor, veja o relatório de vendas do mês passado.",gcalhoun@example.com,2022-08-11,não spam
3ca48bf1-9853-41a9-a4f3-afeba614ce4a,Oferta imperdível!,Seu cartão de crédito foi aprovado! Clique no link para ativá-lo.,kevinalvarez@example.com,2022-10-12,spam
62ec65d7-52bb-4f92-a3fe-828eb26cfb59,Novo projeto para revisão,Confirmando nossa reunião agendada para o dia 15 de janeiro.,sheilamendez@example.org,2022-07-04,não spam
eac89c38-4834-445f-8ff2-bf5874281c51,Resumo da semana,Estou enviando o resumo da reunião de ontem.,nmcmahon@example.org,2024-08-31,não spam
70d346ee-26de-4639-8e3d-b659be62a979,Urgente! Atualize sua conta agora!,Sua chance de ser um milionário está a um clique de distância! Acesse o site.,lblair@example.org,2024-04-09,spam
ee13a107-727e-436d-8562-9ca59340b7fd,Oferta imperdível!,Seu cartão de crédito foi aprovado! Clique no link para ativá-lo.,andrew18@example.net,2022-11-05,spam
f0d71616-b5ae-4701-b7e4-689671836d27,Nota fiscal de compra,"Por favor, revise o documento do novo projeto para aprovação.",elliottdamon@example.net,2024-10-19,não spam
95d90d2d-f1e1-401b-b823-4308f65a5447,Urgente! Atualize sua conta agora!,Sua chance de ser um milionário está a um clique de distância! Acesse o site.,christina13@example.com,2023-07-13,spam
f6a64b9c-6b9c-4815-a8de-ee4a66c764c6,Resumo da semana,Confirmando nossa reunião agendada para o dia 15 de janeiro.,jknapp@example.com,2021-10-06,não spam
f2615b9c-50de-4bae-94d4-054592ec4bc8,Seu cartão de crédito foi aprovado,Parabéns! Você acaba de ganhar um prêmio de 1 milhão de dólares! Clique aqui para resgatar.,bakerjennifer@example.com,2024-03-03,spam
ff192393-049d-494a-bbe1-5f77e6aadac5,Ganha bitcoins sem sair de casa,Empréstimo aprovado! Preencha seus dados para receber seu dinheiro hoje mesmo.,sfrank@example.net,2024-10-17,spam
15d11969-25ff-405b-b2ee-1b298ad1b7fe,Confirmação de reunião,"Por favor, veja o relatório de vendas do mês passado.",kathrynjohnson@example.com,2022-10-10,não spam
4a2ac4a9-c39c-436c-99fb-044f7c6c82e1,Novo projeto para revisão,"Por favor, revise o documento do novo projeto para aprovação.",kristinhenry@example.org,2021-01-18,não spam
263970b9-3e05-4a5b-9bd4-1b5885afef6c,Confirmação de reunião,Estou enviando o resumo da reunião de ontem.,carlwood@example.com,2022-12-30,não spam
9b635322-1ed0-4df5-9fee-75f3eaed7494,Você foi selecionado para um prêmio!,Seu cartão de crédito foi aprovado! Clique no link para ativá-lo.,harold94@example.org,2020-03-27,spam
b269167f-3660-4d18-956b-bb4c88d66910,Ganha bitcoins sem sair de casa,Ganhe dinheiro fácil e rápido com nosso sistema! Clique agora.,qprince@example.com,2022-04-18,spam
7e14004b-6da3-4fbf-a927-bce0e2d003f4,Relatório de vendas,Estou enviando o resumo da reunião de ontem.,troygomez@example.com,2022-06-01,não spam
09204974-0794-4eb0-ae63-50d80d403fd8,Convite para reunião,Confira o resumo de vendas de janeiro. Podemos discutir na reunião de amanhã.,andrew68@example.com,2024-05-14,não spam
4436dfcd-e985-4746-a07f-73fdd2700831,Relatório de vendas,Segue a agenda da reunião de sexta-feira.,owade@example.net,2024-03-24,não spam
7a40b93c-263b-4ced-9292-bc9c919ad25b,Ganha bitcoins sem sair de casa,Seu cartão de crédito foi aprovado! Clique no link para ativá-lo.,jacquelinebrewer@example.com,2021-02-19,spam
a25375ec-06aa-4955-8af7-4798d88f8fac,Novo projeto para revisão,Segue a agenda da reunião de sexta-feira.,hayeslinda@example.com,2023-09-21,não spam
7907a0f0-9ce1-4775-9049-2b82194446fe,Confirmação de reunião,Estou enviando o resumo da reunião de ontem.,phill@example.net,2024-01-22,não spam
c65211ad-ec1d-4501-95f2-1a21804da12e,Empréstimo rápido e sem burocracia,Sua chance de ser um milionário está a um clique de distância! Acesse o site.,merrittsean@example.net,2024-10-23,spam
aa2ec033-b0de-43d9-b7d5-84160a6bbf52,Confirmação de reunião,Segue em anexo o relatório financeiro de dezembro para sua revisão.,dawsonjessica@example.com,2025-01-07,não spam
5e318ef6-36a1-4e13-8be0-b95370ff35a3,Convite para reunião,Confirmando nossa reunião agendada para o dia 15 de janeiro.,pflynn@example.org,2024-11-01,não spam
8a35899c-ae28-4301-815c-7d29cd3c2c82,Urgente! Atualize sua conta agora!,Não perca a chance de ganhar bitcoins grátis! Cadastre-se agora.,mbecker@example.com,2023-01-31,spam
4506cc39-5558-42c0-96f7-62c8b97acdf7,Relatório de vendas,Segue a nota fiscal de compra da última transação.,stevenroberts@example.com,2020-08-10,não spam
7f6728ed-9218-40d7-9bfe-6f4c6e91d85d,Confirmação de reunião,"Por favor, veja o relatório de vendas do mês passado.",spencerlynch@example.com,2021-06-13,não spam
59f0fd2b-becf-4e3f-ad28-3954f392cb1b,Confirmação de reunião,"Por favor, revise o documento do novo projeto para aprovação.",uwheeler@example.net,2022-12-10,não spam
561d543f-e8e4-41b6-aee1-fff76ff9be37,Oferta exclusiva para você!,Parabéns! Você acaba de ganhar um prêmio de 1 milhão de dólares! Clique aqui para resgatar.,lperez@example.net,2024-11-05,spam
cd08be42-6d9b-4e9f-813e-9c8b1ec2582d,Nota fiscal de compra,Segue a nota fiscal de compra da última transação.,duranstacy@example.net,2024-04-01,não spam
829d7374-3ec5-40c9-ac46-e0cbcc68cc79,Relatório financeiro de dezembro,Segue em anexo o relatório financeiro de dezembro para sua revisão.,lewisjonathan@example.net,2020-11-30,não spam
2608675a-ba8e-403b-b433-0f731eebcba4,Convite para reunião,"Por favor, veja o relatório de vendas do mês passado.",tanya05@example.net,2021-10-09,não spam
b587a914-6373-495e-9c3c-15d1b7733c62,Novo projeto para revisão,Segue a agenda da reunião de sexta-feira.,reedjessica@example.net,2021-09-03,não spam
4cb7f829-8d17-42ff-829c-07fd0973fbfe,Seu cartão de crédito foi aprovado,Seu cartão de crédito foi aprovado! Clique no link para ativá-lo.,anthony75@example.net,2022-12-21,spam
0c989cf0-541b-4984-8591-4444a4264318,Resumo da semana,Confira o resumo de vendas de janeiro. Podemos discutir na reunião de amanhã.,christina21@example.com,2023-02-17,não spam
8fc4c9e1-a2fc-4a66-9ef4-c21c13662232,Relatório financeiro de dezembro,Confira o resumo de vendas de janeiro. Podemos discutir na reunião de amanhã.,amy55@example.org,2020-01-03,não spam
e3eb318e-8354-4dc3-9826-4a20f8677928,Ganha bitcoins sem sair de casa,Seu cartão de crédito foi aprovado! Clique no link para ativá-lo.,stephanie96@example.net,2022-06-21,spam
9a3fce82-0afd-4745-9a8f-97ed748e897d,Nota fiscal de compra,Segue a nota fiscal de compra da última transação.,jasongreene@example.net,2023-09-01,não spam
f57f718b-ac60-4078-9b01-61b61650998d,Ganha bitcoins sem sair de casa,Sua chance de ser um milionário está a um clique de distância! Acesse o site.,thomas30@example.net,2020-01-06,spam
6d0c00c3-cf1c-4ee7-bb9e-54b6164daeb8,Convite para reunião,"Por favor, revise o documento do novo projeto para aprovação.",ihuang@example.org,2021-01-27,não spam
74ae0d24-9fda-4cd9-b1a0-5d86929c0d60,Novo projeto para revisão,Confira o resumo de vendas de janeiro. Podemos discutir na reunião de amanhã.,matadavid@example.com,2021-10-06,não spam
6740ecf8-cf5e-4c9c-8b9b-5738fd75ce01,Seu cartão de crédito foi aprovado,Ganhe dinheiro fácil e rápido com nosso sistema! Clique agora.,jacqueline98@example.net,2024-02-05,spam
6fc64a05-c3ee-499e-abc7-e44e8c355e46,Urgente! Atualize sua conta agora!,Sua chance de ser um milionário está a um clique de distância! Acesse o site.,nlopez@example.com,2023-11-12,spam
410ca7ec-2d27-453e-bfdc-14e9c6db8343,Relatório de vendas,Segue em anexo o relatório financeiro de dezembro para sua revisão.,dunnlindsay@example.net,2024-12-02,não spam
6c1a258e-7633-47b9-8e8c-955da907fddf,Oferta exclusiva para você!,Parabéns! Você acaba de ganhar um prêmio de 1 milhão de dólares! Clique aqui para resgatar.,martinezdavid@example.net,2021-05-24,spam
55e2920a-dc81-4b81-bbe7-48b9b3214ce1,Convite para reunião,Confirmando nossa reunião agendada para o dia 15 de janeiro.,rickymyers@example.net,2024-05-15,não spam
197f01e4-d8c6-4bec-9569-ef91004bc20e,Relatório de vendas,"Por favor, revise o documento do novo projeto para aprovação.",karencollins@example.org,2022-05-11,não spam
0d82b5fa-a4a0-412e-b674-523d015c2c10,Relatório financeiro de dezembro,Segue a agenda da reunião de sexta-feira.,samuel42@example.org,2020-03-24,não spam
99387065-5419-40b0-b3e9-1f4980eff328,Relatório financeiro de dezembro,Confirmando nossa reunião agendada para o dia 15 de janeiro.,brianna72@example.org,2024-07-02,não spam
7789160f-d044-4db8-9178-999d9b0865f5,Convite para reunião,Segue em anexo o relatório financeiro de dezembro para sua revisão.,theresasampson@example.org,2022-07-11,não spam
bc99a9d9-a08b-47d4-8560-6a6219cc2632,Oferta imperdível!,Sua chance de ser um milionário está a um clique de distância! Acesse o site.,johnbarnes@example.org,2023-09-16,spam
b78fdd9d-97ac-4aa8-b11c-059aa33af7d5,Resumo da semana,"Por favor, veja o relatório de vendas do mês passado.",hparker@example.com,2023-01-11,não spam
419380d9-1c8d-4dcf-ad8b-a77fe5e09240,Relatório de vendas,"Por favor, veja o relatório de vendas do mês passado.",jason35@example.net,2020-02-10,não spam
6de0cbca-c44c-4574-a02b-5b106905f5ec,Empréstimo rápido e sem burocracia,Não perca a oportunidade de fazer um investimento de baixo risco e alto retorno. Clique agora!,tanyapeck@example.org,2024-07-31,spam
f96fb989-3215-46f2-ac97-8b79bc628535,Oferta imperdível!,Empréstimo aprovado! Preencha seus dados para receber seu dinheiro hoje mesmo.,grichardson@example.com,2023-06-20,spam
d6b0ef17-f2ba-4cff-a016-1f88dc59a613,Você foi selecionado para um prêmio!,Ganhe dinheiro fácil e rápido com nosso sistema! Clique agora.,brussell@example.net,2023-05-12,spam
aae375cb-a940-443d-97da-54fedf0715a9,Empréstimo rápido e sem burocracia,Ganhe dinheiro fácil e rápido com nosso sistema! Clique agora.,castillolaura@example.org,2024-04-14,spam
079f8b26-75e6-48e5-a930-5981bd380644,Novo projeto para revisão,Segue a agenda da reunião de sexta-feira.,tevans@example.org,2021-10-11,não spam
d225b2b9-8dbb-4df8-87f5-5430e5058751,Nota fiscal de compra,Estou enviando o resumo da reunião de ontem.,william58@example.com,2023-06-27,não spam
0482f5b8-3e36-45ba-959f-982489ae7e47,Nota fiscal de compra,Confira o resumo de vendas de janeiro. Podemos discutir na reunião de amanhã.,joneskevin@example.net,2025-01-22,não spam
985d16b5-9c04-48ee-9a75-ea61a3a3ba6d,Novo projeto para revisão,"Por favor, veja o relatório de vendas do mês passado.",jamesrichard@example.net,2023-05-01,não spam
dc1eee24-3228-45ab-88e6-e96708956719,Resumo da semana,Confira o resumo de vendas de janeiro. Podemos discutir na reunião de amanhã.,dwashington@example.org,2020-08-15,não spam
db705e1f-87e4-40d4-8ef0-8e5090bf888f,Confirmação de reunião,"Por favor, veja o relatório de vendas do mês passado.",carsonashley@example.com,2024-02-27,não spam
72bdf279-b9ef-4fa4-900d-2e022163b9e3,Você foi selecionado para um prêmio!,Sua chance de ser um milionário está a um clique de distância! Acesse o site.,erichardin@example.net,2024-09-20,spam
11d0a927-5d83-4bd7-ad57-0f21bcb8c3d9,Empréstimo rápido e sem burocracia,Não perca a chance de ganhar bitcoins grátis! Cadastre-se agora.,browncaleb@example.org,2022-03-04,spam
620a4d0b-4b4b-4704-bfb1-f2c08cf8d79c,Ganha bitcoins sem sair de casa,Ganhe dinheiro fácil e rápido com nosso sistema! Clique agora.,angelamiller@example.com,2020-11-21,spam
c18eae80-1cde-4936-9453-6e1b958b054a,Empréstimo rápido e sem burocracia,Parabéns! Você acaba de ganhar um prêmio de 1 milhão de dólares! Clique aqui para resgatar.,victoria33@example.org,2022-08-28,spam
81cc30d6-4134-44dc-a1f3-c7570e6105c9,Relatório de vendas,"Por favor, veja o relatório de vendas do mês passado.",whitejonathan@example.net,2024-05-03,não spam
d267f359-e9d5-4efb-a63d-b485f80bce34,Oferta exclusiva para você!,Não perca a chance de ganhar bitcoins grátis! Cadastre-se agora.,kennethbanks@example.com,2023-02-28,spam
b993bb87-85e3-447d-b7dd-7af3ad653f40,Urgente! Atualize sua conta agora!,A sua conta foi comprometida. Clique aqui para atualizar suas informações imediatamente.,kiara31@example.org,2022-11-07,spam
13c5a7bb-026f-4471-a030-6e04b07bb6f6,Urgente! Atualize sua conta agora!,A sua conta foi comprometida. Clique aqui para atualizar suas informações imediatamente.,masonanita@example.net,2022-01-03,spam
7756d213-203a-4b9a-91cf-a16644387afa,Nota fiscal de compra,Segue a nota fiscal de compra da última transação.,dmartin@example.com,2024-07-09,não spam
18f2bc4e-c485-4627-a99a-e046dbf149cd,Relatório de vendas,"Por favor, revise o documento do novo projeto para aprovação.",joanna10@example.net,2024-03-14,não spam
0ae28811-58cf-4627-86be-99ddf685166d,Relatório de vendas,"Por favor, veja o relatório de vendas do mês passado.",jamierodriguez@example.org,2021-05-20,não spam
a77ebf43-305c-4b9c-b29f-8fefacd7a372,Seu cartão de crédito foi aprovado,Sua chance de ser um milionário está a um clique de distância! Acesse o site.,robin79@example.org,2023-11-08,spam
b85ca8ba-0050-4138-8e42-51bd09526b8f,Convite para reunião,Estou enviando o resumo da reunião de ontem.,bcordova@example.com,2024-03-24,não spam
7ef3163a-d6db-492f-8be7-e34df986da8b,Ganhe dinheiro fácil!,Ganhe dinheiro fácil e rápido com nosso sistema! Clique agora.,bennetthayley@example.org,2023-01-03,spam
6aa72b4a-8503-47b0-b265-26e59f881b54,Novo projeto para revisão,Segue a agenda da reunião de sexta-feira.,donna45@example.net,2024-02-20,não spam
9ac4ee37-9adb-4676-b552-6609121a785b,Relatório de vendas,"Por favor, veja o relatório de vendas do mês passado.",sandersteresa@example.com,2024-08-16,não spam
93e2f343-3148-4a16-92db-193a999b883d,Convite para reunião,Segue a nota fiscal de compra da última transação.,caseytaylor@example.net,2023-02-01,não spam
52dff31b-1274-4795-9e6b-adbed7f07f59,Seu cartão de crédito foi aprovado,Parabéns! Você acaba de ganhar um prêmio de 1 milhão de dólares! Clique aqui para resgatar.,john88@example.com,2022-08-03,spam
e9eb7c26-9303-45bd-af9f-17a262f9209b,Resumo da semana,Segue a agenda da reunião de sexta-feira.,wlopez@example.org,2020-01-14,não spam
e533ef2b-ab8c-43f0-a089-b672ffe89626,Convite para reunião,Segue em anexo o relatório financeiro de dezembro para sua revisão.,john14@example.net,2020-11-05,não spam
21af4509-069f-4ff0-b5a7-03c3dcb969b0,Convite para reunião,Estou enviando o resumo da reunião de ontem.,kristiharrison@example.org,2022-11-06,não spam
8f3fabcf-d3b9-4f24-9257-8fdf4b677826,Resumo da semana,Segue a agenda da reunião de sexta-feira.,klamb@example.org,2023-10-12,não spam
045181f0-ef53-4b00-9dcd-55e5d562cda7,Ganhe dinheiro fácil!,Empréstimo aprovado! Preencha seus dados para receber seu dinheiro hoje mesmo.,millskyle@example.com,2023-05-14,spam
ea0d66b1-0a1f-4f20-acba-874dcd74da32,Relatório de vendas,Segue a nota fiscal de compra da última transação.,otaylor@example.com,2023-10-11,não spam
4e436224-5d39-44bc-9529-515f1a5d2371,Confirmação de reunião,"Por favor, revise o documento do novo projeto para aprovação.",susan08@example.net,2024-07-10,não spam
dff533cf-6085-4b54-b8e0-a0ecb1d55c6c,Relatório financeiro de dezembro,"Por favor, veja o relatório de vendas do mês passado.",karen93@example.net,2020-12-10,não spam
76576b1d-57bf-4f24-8d52-517aa465ecc9,Empréstimo rápido e sem burocracia,Ganhe dinheiro fácil e rápido com nosso sistema! Clique agora.,richard91@example.com,2024-11-25,spam
a5fdcfcd-3b4d-4243-83c8-ba19cf95624d,Nota fiscal de compra,Confirmando nossa reunião agendada para o dia 15 de janeiro.,deannaharvey@example.com,2022-11-02,não spam
42156f90-449c-4f8e-ad75-7b575443356b,Ganha bitcoins sem sair de casa,Empréstimo aprovado! Preencha seus dados para receber seu dinheiro hoje mesmo.,barbara21@example.com,2020-01-27,spam
60b33c1d-2c21-49ef-b25c-090ce771822e,Novo projeto para revisão,Segue a nota fiscal de compra da última transação.,candice55@example.net,2022-03-30,não spam
779c4437-3bbd-4ca6-8d87-d4877d98c265,Relatório de vendas,"Por favor, revise o documento do novo projeto para aprovação.",zlove@example.org,2021-11-07,não spam
bf1e0f69-0a0f-44ed-bc62-bf618503cca4,Empréstimo rápido e sem burocracia,Não perca a chance de ganhar bitcoins grátis! Cadastre-se agora.,sandersmichael@example.com,2021-05-08,spam
3449d0c9-b2d5-4b37-9a51-a8760f08fb47,Novo projeto para revisão,Confirmando nossa reunião agendada para o dia 15 de janeiro.,edward49@example.com,2021-03-12,não spam
9804903a-a411-4e29-9400-fbb259be31de,Relatório de vendas,Estou enviando o resumo da reunião de ontem.,robert95@example.com,2020-07-10,não spam
c44000de-d772-4c3d-9807-e62450873cc9,Confirmação de reunião,Estou enviando o resumo da reunião de ontem.,clairefowler@example.net,2020-06-03,não spam
df05ecb7-aea1-46c0-bf72-d663921310b0,Empréstimo rápido e sem burocracia,Empréstimo aprovado! Preencha seus dados para receber seu dinheiro hoje mesmo.,zimmermansarah@example.org,2022-08-15,spam
86ae2de1-3515-4ca5-babb-3e7d4edddd36,Novo projeto para revisão,Segue a agenda da reunião de sexta-feira.,katelyn71@example.org,2023-04-23,não spam
d476be1f-4f52-474e-9eba-aacb3bad6585,Nota fiscal de compra,Segue em anexo o relatório financeiro de dezembro para sua revisão.,jason18@example.com,2020-07-21,não spam
c8b3694f-42c0-4f17-812f-51066453efd7,Convite para reunião,"Por favor, veja o relatório de vendas do mês passado.",chiggins@example.com,2023-04-12,não spam
b909ffc6-6efa-4991-9eae-dfad5e69f091,Você foi selecionado para um prêmio!,Sua chance de ser um milionário está a um clique de distância! Acesse o site.,jeffrey11@example.org,2022-07-16,spam
76fb69c2-8e1b-41ae-9ece-818030faa14f,Nota fiscal de compra,Segue a agenda da reunião de sexta-feira.,dmorris@example.org,2023-08-09,não spam
baa86080-c8f0-4ffa-b7cb-e6d8a7bf4851,Urgente! Atualize sua conta agora!,Não perca a oportunidade de fazer um investimento de baixo risco e alto retorno. Clique agora!,ashleyayala@example.com,2020-08-23,spam
e2e59977-1cb6-45d8-a050-4ba5eac15c38,Novo projeto para revisão,Segue a agenda da reunião de sexta-feira.,catherine64@example.com,2020-08-08,não spam
a68eb05e-6ab8-4e02-b364-30c1b6084814,Novo projeto para revisão,"Por favor, revise o documento do novo projeto para aprovação.",gregory97@example.com,2022-08-31,não spam
9c7d686b-5d7a-4074-b4d4-0b39cb61f025,Novo projeto para revisão,Segue em anexo o relatório financeiro de dezembro para sua revisão.,tony09@example.net,2023-06-08,não spam
77260087-31f3-4562-b885-bdbbc4fdaf09,Relatório financeiro de dezembro,Confirmando nossa reunião agendada para o dia 15 de janeiro.,belljessica@example.com,2022-11-28,não spam
b14c5f7a-7166-4b1d-96f3-ab2b9300f4f7,Nota fiscal de compra,Estou enviando o resumo da reunião de ontem.,nrice@example.org,2020-01-01,não spam
87a359cc-3fd0-4220-9d90-e71a1cf65cf3,Seu cartão de crédito foi aprovado,Não perca a chance de ganhar bitcoins grátis! Cadastre-se agora.,hannahwilliams@example.net,2024-10-15,spam
c4fc26be-870f-464f-9d01-43a2583d4613,Novo projeto para revisão,"Por favor, revise o documento do novo projeto para aprovação.",hodgeamber@example.net,2023-01-12,não spam
da304258-3abf-442b-a550-5121d21acabb,Oferta exclusiva para você!,Sua chance de ser um milionário está a um clique de distância! Acesse o site.,jennifer94@example.org,2022-05-29,spam
15479c08-a52d-4b68-a62e-de18f969b871,Nota fiscal de compra,"Por favor, revise o documento do novo projeto para aprovação.",shane96@example.net,2024-07-13,não spam
291ccfa8-be0b-4629-ad48-9cf605da35e9,Resumo da semana,"Por favor, revise o documento do novo projeto para aprovação.",deannajohnson@example.net,2021-09-27,não spam
8eeb7e17-ced1-4b58-92db-36bf4ec5e2f1,Oferta exclusiva para você!,Parabéns! Você acaba de ganhar um prêmio de 1 milhão de dólares! Clique aqui para resgatar.,david35@example.com,2020-08-07,spam
82750563-f8b2-42b4-8827-ed638c29b806,Convite para reunião,"Por favor, revise o documento do novo projeto para aprovação.",davidmcintyre@example.com,2023-03-28,não spam
02488d0e-32b6-4abf-87f7-07bac63424b9,Relatório financeiro de dezembro,"Por favor, veja o relatório de vendas do mês passado.",davidsellers@example.net,2021-11-09,não spam
3939fd8d-dc85-4735-8178-23b250d2661d,Relatório financeiro de dezembro,Segue a nota fiscal de compra da última transação.,sanchezsarah@example.net,2021-05-09,não spam
d3d45174-9be0-4cf5-af23-eaa2ca259f4a,Ganha bitcoins sem sair de casa,A sua conta foi comprometida. Clique aqui para atualizar suas informações imediatamente.,warrenreyes@example.net,2024-03-02,spam
e37e15b8-dbf0-4bed-8787-63db6eb72bed,Empréstimo rápido e sem burocracia,Não perca a chance de ganhar bitcoins grátis! Cadastre-se agora.,allison10@example.org,2023-03-22,spam
6b935a63-6f36-42fa-b606-2823e7780989,Ganhe dinheiro fácil!,Sua chance de ser um milionário está a um clique de distância! Acesse o site.,stephanie69@example.net,2022-03-03,spam
72160bd7-a0d8-4161-8a44-ba482e67c418,Oferta imperdível!,Não perca a oportunidade de fazer um investimento de baixo risco e alto retorno. Clique agora!,bsanchez@example.org,2022-02-07,spam
68b9bf66-c135-44be-8cb8-0485217aef95,Oferta exclusiva para você!,Ganhe dinheiro fácil e rápido com nosso sistema! Clique agora.,joeclark@example.org,2023-06-19,spam
b47666fa-11d2-41d3-95dc-f2f8a4009849,Convite para reunião,Segue em anexo o relatório financeiro de dezembro para sua revisão.,courtneysheppard@example.org,2022-06-17,não spam
20cc4f2f-8c06-48d4-9a79-7c4d643a6891,Seu cartão de crédito foi aprovado,Empréstimo aprovado! Preencha seus dados para receber seu dinheiro hoje mesmo.,karenblankenship@example.com,2025-01-24,spam
1a558aa4-e3de-439e-ba67-2de71deba615,Ganhe dinheiro fácil!,A sua conta foi comprometida. Clique aqui para atualizar suas informações imediatamente.,wnguyen@example.net,2020-02-28,spam
b3c556ea-b790-4dc9-a3d0-4a77ac1cc588,Relatório de vendas,Estou enviando o resumo da reunião de ontem.,kortiz@example.com,2020-03-08,não spam
fc2e4795-2879-4b48-9a4d-47a88b004179,Nota fiscal de compra,Segue em anexo o relatório financeiro de dezembro para sua revisão.,ymurillo@example.org,2021-05-12,não spam
030a323b-0aea-405a-8c95-909369b51542,Oferta exclusiva para você!,Empréstimo aprovado! Preencha seus dados para receber seu dinheiro hoje mesmo.,anitamay@example.com,2023-06-17,spam
de1574ca-5e65-4fc7-bf60-df86ec23178b,Empréstimo rápido e sem burocracia,Ganhe dinheiro fácil e rápido com nosso sistema! Clique agora.,michealbarnes@example.org,2023-07-18,spam
702f299c-45ed-47c0-9cf1-3147e123b7e6,Oferta exclusiva para você!,Não perca a chance de ganhar bitcoins grátis! Cadastre-se agora.,hcooper@example.com,2021-04-04,spam
9539673e-f944-4e3f-9726-ec9fab33e70c,Empréstimo rápido e sem burocracia,Sua chance de ser um milionário está a um clique de distância! Acesse o site.,christine69@example.com,2023-09-23,spam
faa3ca12-ffe4-48c9-b3f9-c3e94c170c61,Resumo da semana,Confirmando nossa reunião agendada para o dia 15 de janeiro.,davidbernard@example.net,2023-07-13,não spam
235ea33e-9248-4a76-94c2-bc8b90e397bd,Seu cartão de crédito foi aprovado,Seu cartão de crédito foi aprovado! Clique no link para ativá-lo.,guzmanellen@example.org,2020-01-10,spam
819871fd-301e-4eec-8eef-119d50be31a1,Confirmação de reunião,Estou enviando o resumo da reunião de ontem.,bethanderson@example.org,2022-08-13,não spam
6ca9469b-f9a5-4fd8-b33c-56ca1e1854b1,Você foi selecionado para um prêmio!,Empréstimo aprovado! Preencha seus dados para receber seu dinheiro hoje mesmo.,loretta68@example.net,2020-05-27,spam
599bc890-65b4-40d2-96f1-ae96334b732f,Nota fiscal de compra,Segue a nota fiscal de compra da última transação.,nathanbrewer@example.com,2020-07-08,não spam
1672a985-2ed8-4836-b38b-6d3c4272af39,Ganhe dinheiro fácil!,Parabéns! Você acaba de ganhar um prêmio de 1 milhão de dólares! Clique aqui para resgatar.,huangthomas@example.org,2020-10-29,spam
82dae2a0-90a1-4e49-9a67-41538d4fc40a,Urgente! Atualize sua conta agora!,Parabéns! Você acaba de ganhar um prêmio de 1 milhão de dólares! Clique aqui para resgatar.,johnsonshirley@example.com,2020-01-08,spam
bcf86a47-bab2-4b76-96f9-1a45890fcb67,Seu cartão de crédito foi aprovado,Não perca a chance de ganhar bitcoins grátis! Cadastre-se agora.,mwilliams@example.org,2022-04-30,spam
d22f62d5-0d55-46f8-a650-79c2a54664d6,Novo projeto para revisão,Segue a nota fiscal de compra da última transação.,chelsea55@example.org,2022-05-10,não spam
11f832e3-b102-4a97-a6e0-4fa8b959167e,Nota fiscal de compra,"Por favor, veja o relatório de vendas do mês passado.",marshallwilliam@example.net,2023-06-02,não spam
1d3eb818-bbad-4b7a-837e-ee4e0ec3de9e,Relatório de vendas,Segue a agenda da reunião de sexta-feira.,hjensen@example.net,2021-10-12,não spam
32a0aa11-d3af-42fd-b368-459e2512849f,Ganhe dinheiro fácil!,Empréstimo aprovado! Preencha seus dados para receber seu dinheiro hoje mesmo.,richardpierce@example.net,2020-05-02,spam
257652c3-6057-4d4f-a99d-97f60d3880a3,Ganhe dinheiro fácil!,Não perca a oportunidade de fazer um investimento de baixo risco e alto retorno. Clique agora!,allenbailey@example.net,2021-10-15,spam
00ec2c19-22e1-43d3-9927-48edc026705d,Você foi selecionado para um prêmio!,Ganhe dinheiro fácil e rápido com nosso sistema! Clique agora.,choisteven@example.net,2022-11-29,spam
34d7217e-97bb-4fc4-9d78-df4ec4bc9b63,Ganhe dinheiro fácil!,Empréstimo aprovado! Preencha seus dados para receber seu dinheiro hoje mesmo.,michaela94@example.com,2021-12-22,spam
b1be02d5-f425-4d0c-a3a8-384f03081b3d,Nota fiscal de compra,Confira o resumo de vendas de janeiro. Podemos discutir na reunião de amanhã.,jacqueline82@example.net,2021-12-20,não spam
908be562-e202-4cd4-9fef-fbf2eee9b5d5,Ganhe dinheiro fácil!,Sua chance de ser um milionário está a um clique de distância! Acesse o site.,jacquelinegreen@example.net,2024-10-25,spam
f89c8192-9f56-4a7c-b410-586604676102,Ganha bitcoins sem sair de casa,Empréstimo aprovado! Preencha seus dados para receber seu dinheiro hoje mesmo.,tcantu@example.com,2023-10-14,spam
c8547e94-ce7d-453d-862e-168973d9c85b,Oferta imperdível!,A sua conta foi comprometida. Clique aqui para atualizar suas informações imediatamente.,xpeterson@example.net,2023-01-31,spam
e9b274ab-07b7-47ae-b0d1-6be60a7c3c48,Nota fiscal de compra,Segue a nota fiscal de compra da última transação.,jamesashley@example.com,2021-04-18,não spam
2179166d-29a4-4388-bc9d-468fea377a56,Novo projeto para revisão,Confira o resumo de vendas de janeiro. Podemos discutir na reunião de amanhã.,ronaldcarter@example.org,2022-02-03,não spam
d0579f9a-00bc-49dc-948d-627344964712,Oferta exclusiva para você!,Sua chance de ser um milionário está a um clique de distância! Acesse o site.,sbradley@example.com,2020-09-19,spam
6d11cd14-16a7-4151-b690-681ca091149e,Ganhe dinheiro fácil!,Seu cartão de crédito foi aprovado! Clique no link para ativá-lo.,davidyoung@example.com,2020-10-14,spam
5de2ca90-9394-486c-a591-62012ea57515,Relatório financeiro de dezembro,Confirmando nossa reunião agendada para o dia 15 de janeiro.,bsellers@example.com,2022-01-25,não spam
76693e3c-3ea0-4f7c-bb4a-0fc3d6e7af2c,Ganhe dinheiro fácil!,A sua conta foi comprometida. Clique aqui para atualizar suas informações imediatamente.,watsonderek@example.com,2021-03-22,spam
691aa39e-e811-4983-a0a7-69901c62157c,Empréstimo rápido e sem burocracia,Não perca a chance de ganhar bitcoins grátis! Cadastre-se agora.,amyjones@example.com,2023-02-18,spam
d1debdb6-cacc-4585-9ed5-9e0c5481db06,Você foi selecionado para um prêmio!,Empréstimo aprovado! Preencha seus dados para receber seu dinheiro hoje mesmo.,jillchristian@example.org,2022-05-02,spam
fa918011-2635-427e-b158-9bc249421bbb,Empréstimo rápido e sem burocracia,A sua conta foi comprometida. Clique aqui para atualizar suas informações imediatamente.,veronica84@example.net,2024-06-16,spam
62a016a2-18a5-4c14-b18c-eee26674559d,Resumo da semana,Segue a agenda da reunião de sexta-feira.,jdaniel@example.net,2022-04-30,não spam
95ec1f09-2526-4596-a469-5dd2ec9b8b46,Convite para reunião,Segue a nota fiscal de compra da última transação.,zcarroll@example.com,2022-12-13,não spam
8b0299d8-0545-412d-8f9c-2c029ba291e0,Nota fiscal de compra,Segue a nota fiscal de compra da última transação.,kristen07@example.net,2024-08-12,não spam
9bf9533d-c322-450f-8ef1-5bb48b2b529c,Novo projeto para revisão,Segue em anexo o relatório financeiro de dezembro para sua revisão.,cbryant@example.net,2021-12-18,não spam
d5af7b84-f2b8-4654-becc-780ea87b1ec8,Urgente! Atualize sua conta agora!,Não perca a chance de ganhar bitcoins grátis! Cadastre-se agora.,cathyrodriguez@example.net,2020-09-20,spam
829bbf0f-9b4b-44e0-9817-de0d1f6c9e5f,Relatório de vendas,Confirmando nossa reunião agendada para o dia 15 de janeiro.,vanderson@example.net,2023-12-11,não spam
4eaa1e03-85d8-445d-8ee5-acc09a7a575a,Relatório de vendas,Segue a nota fiscal de compra da última transação.,jessica86@example.net,2022-07-15,não spam
4d909f2a-7273-4198-9bc3-daef975cae4e,Seu cartão de crédito foi aprovado,Sua chance de ser um milionário está a um clique de distância! Acesse o site.,dennisburton@example.org,2023-12-27,spam
a5cc00a6-0f6b-46ae-bf1b-cab65824c80b,Novo projeto para revisão,Confira o resumo de vendas de janeiro. Podemos discutir na reunião de amanhã.,nharrington@example.org,2023-11-26,não spam
c2eb918c-e989-4337-a1b1-37f64a434064,Relatório de vendas,"Por favor, veja o relatório de vendas do mês passado.",matthew69@example.net,2023-12-14,não spam
8164f205-97d6-4ecb-814d-76fd6925ef4e,Relatório financeiro de dezembro,Segue a nota fiscal de compra da última transação.,robin58@example.com,2022-05-15,não spam
d8d5f2ac-209a-4e59-915a-2df56c7191a4,Ganha bitcoins sem sair de casa,Parabéns! Você acaba de ganhar um prêmio de 1 milhão de dólares! Clique aqui para resgatar.,anthony96@example.org,2024-01-27,spam
19790362-8559-4afb-96d6-0c371d815298,Nota fiscal de compra,Segue a nota fiscal de compra da última transação.,hartmanjulie@example.net,2022-05-19,não spam
adf8309f-d0a0-4e82-a851-175f7b6b98df,Resumo da semana,Segue a nota fiscal de compra da última transação.,rmoore@example.com,2022-12-24,não spam
f900b366-18c9-47d5-adee-825494794b50,Novo projeto para revisão,"Por favor, revise o documento do novo projeto para aprovação.",qthompson@example.org,2023-09-20,não spam
cf04279a-5965-4d8f-9e24-bedeb87ad392,Relatório de vendas,Segue a nota fiscal de compra da última transação.,smithjessica@example.org,2024-09-08,não spam
5fb0df25-29b2-4e3c-bd02-43265213d720,Ganhe dinheiro fácil!,Seu cartão de crédito foi aprovado! Clique no link para ativá-lo.,thomasmichael@example.org,2023-08-21,spam
cb2ae5a1-1064-4492-a83b-5e6e2cfd06ef,Ganhe dinheiro fácil!,Ganhe dinheiro fácil e rápido com nosso sistema! Clique agora.,wolfeian@example.com,2022-05-24,spam
54131920-5254-4870-a227-d2f6beb0f60e,Convite para reunião,"Por favor, veja o relatório de vendas do mês passado.",donnascott@example.org,2021-03-22,não spam
bd318264-6429-4d4b-92e2-673875e64d6c,Urgente! Atualize sua conta agora!,Ganhe dinheiro fácil e rápido com nosso sistema! Clique agora.,grace81@example.org,2022-01-11,spam
b334ba9c-e40d-451a-b3c2-a2a20ba384f8,Oferta exclusiva para você!,Parabéns! Você acaba de ganhar um prêmio de 1 milhão de dólares! Clique aqui para resgatar.,adam70@example.org,2021-09-11,spam
c47447a1-aaa8-4812-a5a9-2c2aabe63f0b,Resumo da semana,"Por favor, veja o relatório de vendas do mês passado.",nathan89@example.org,2023-01-28,não spam
3cc53f1e-d7a5-4c56-baee-6d40d9ffa4ea,Resumo da semana,Confirmando nossa reunião agendada para o dia 15 de janeiro.,brandonmcbride@example.org,2020-05-11,não spam
f4f609f5-0eb4-4006-b163-3f78c8633482,Ganha bitcoins sem sair de casa,Não perca a chance de ganhar bitcoins grátis! Cadastre-se agora.,emilygarrett@example.net,2022-10-22,spam
8dcbfeb3-96f4-482f-b25e-45f576b1e25e,Confirmação de reunião,Estou enviando o resumo da reunião de ontem.,robert70@example.org,2024-12-22,não spam
5dcdc5d5-fc32-4280-8a3f-d1c7907d6f22,Ganhe dinheiro fácil!,Ganhe dinheiro fácil e rápido com nosso sistema! Clique agora.,friddle@example.org,2021-12-12,spam
90cfdcab-2446-4ca0-ad8e-a855e73cfe86,Ganhe dinheiro fácil!,Sua chance de ser um milionário está a um clique de distância! Acesse o site.,clarkedwin@example.org,2022-10-12,spam
14c891be-446f-4fc3-97eb-911fabf3a623,Empréstimo rápido e sem burocracia,Ganhe dinheiro fácil e rápido com nosso sistema! Clique agora.,oroberts@example.net,2023-07-24,spam
5760e29d-2620-4a7c-a908-284e90ce35ca,Oferta exclusiva para você!,Sua chance de ser um milionário está a um clique de distância! Acesse o site.,devinbutler@example.net,2021-10-21,spam
d529fb3f-3aeb-4c91-aa44-22643ccf8537,Resumo da semana,"Por favor, veja o relatório de vendas do mês passado.",rebecca60@example.com,2024-10-15,não spam
cb22fb69-284c-491e-9ed9-756b935f5a94,Ganha bitcoins sem sair de casa,Não perca a chance de ganhar bitcoins grátis! Cadastre-se agora.,matthewramirez@example.org,2023-04-25,spam
6efafede-9769-449d-8e37-055b79e56364,Confirmação de reunião,Estou enviando o resumo da reunião de ontem.,ethomas@example.com,2023-05-13,não spam
1b319a34-bbd0-4510-a716-ec83f08a1d53,Ganha bitcoins sem sair de casa,Sua chance de ser um milionário está a um clique de distância! Acesse o site.,peter68@example.net,2024-12-13,spam
fb1bec46-e9e6-4463-a238-b89b68387656,Novo projeto para revisão,Confirmando nossa reunião agendada para o dia 15 de janeiro.,alexanderann@example.net,2024-07-22,não spam
96cc1d5c-aa19-4323-885e-400a5296da46,Nota fiscal de compra,"Por favor, revise o documento do novo projeto para aprovação.",eric88@example.com,2021-07-06,não spam
4a1c7224-c422-4ece-858b-26f8a71da1b2,Novo projeto para revisão,Confira o resumo de vendas de janeiro. Podemos discutir na reunião de amanhã.,petersongabrielle@example.com,2020-06-08,não spam
5fe94e2f-ee1d-423a-b1c6-35940cdda970,Urgente! Atualize sua conta agora!,Seu cartão de crédito foi aprovado! Clique no link para ativá-lo.,woodslaura@example.org,2021-03-23,spam
8bd17b30-f569-43e2-b40a-654559ebdb2a,Novo projeto para revisão,Segue a agenda da reunião de sexta-feira.,libarra@example.com,2024-01-26,não spam
61b3596f-b76a-44a7-872d-7ddc5ace2989,Oferta exclusiva para você!,Seu cartão de crédito foi aprovado! Clique no link para ativá-lo.,psmith@example.net,2024-09-12,spam
e84aa700-1650-428f-9afa-839fd8692613,Confirmação de reunião,Confirmando nossa reunião agendada para o dia 15 de janeiro.,cantuchristopher@example.org,2024-11-18,não spam
043d5932-4542-4423-895a-02b82918af26,Relatório financeiro de dezembro,Segue a agenda da reunião de sexta-feira.,jameshurst@example.com,2024-09-06,não spam
07f56ee1-d1aa-40d6-ac53-eaf1bf91c48c,Você foi selecionado para um prêmio!,Não perca a chance de ganhar bitcoins grátis! Cadastre-se agora.,rachelyoung@example.net,2023-06-04,spam
d096fd77-3091-46f5-9cae-f7467001ac1c,Relatório financeiro de dezembro,"Por favor, revise o documento do novo projeto para aprovação.",gallegoschad@example.org,2023-11-25,não spam
53e4ec22-95b8-44b8-9f6f-91aa479d1d33,Ganhe dinheiro fácil!,Não perca a oportunidade de fazer um investimento de baixo risco e alto retorno. Clique agora!,richard44@example.org,2020-05-30,spam
6742544f-1c2a-4a34-8e2d-ca238d5eb726,Seu cartão de crédito foi aprovado,Não perca a oportunidade de fazer um investimento de baixo risco e alto retorno. Clique agora!,cynthia07@example.org,2021-03-09,spam
9d5ce697-d33b-4735-9598-377c33356472,Relatório financeiro de dezembro,"Por favor, revise o documento do novo projeto para aprovação.",emcgee@example.org,2021-08-07,não spam
dd1a4168-047a-40d5-9777-5b411f915c4d,Você foi selecionado para um prêmio!,Empréstimo aprovado! Preencha seus dados para receber seu dinheiro hoje mesmo.,cabreraelizabeth@example.net,2022-05-12,spam
424d83f6-4c03-4cf4-86ec-57b99a34a5fe,Oferta imperdível!,Ganhe dinheiro fácil e rápido com nosso sistema! Clique agora.,grogers@example.net,2023-12-22,spam
43c30a77-c841-460a-a471-ccf1d1cebeeb,Ganhe dinheiro fácil!,Seu cartão de crédito foi aprovado! Clique no link para ativá-lo.,clinton35@example.org,2025-01-17,spam
d372accf-a08f-4980-a1b0-b954abe22955,Seu cartão de crédito foi aprovado,Ganhe dinheiro fácil e rápido com nosso sistema! Clique agora.,staceysmith@example.net,2021-09-14,spam
f3a2950c-1048-4382-870d-77d9e80f9528,Oferta imperdível!,Parabéns! Você acaba de ganhar um prêmio de 1 milhão de dólares! Clique aqui para resgatar.,woodemily@example.org,2023-08-23,spam
fe7333b1-8070-4ffb-be2f-260b652b0414,Confirmação de reunião,"Por favor, veja o relatório de vendas do mês passado.",gsheppard@example.org,2023-09-21,não spam
3e7c4100-f9ac-41dd-accf-2d257dbe894b,Convite para reunião,Segue em anexo o relatório financeiro de dezembro para sua revisão.,davidreid@example.net,2020-02-28,não spam
e8420a07-a492-43f5-9f5e-77cbedb81416,Ganhe dinheiro fácil!,Parabéns! Você acaba de ganhar um prêmio de 1 milhão de dólares! Clique aqui para resgatar.,sara53@example.net,2021-09-20,spam
7bbf34f0-aed3-4232-8c23-a7b01ac67d2d,Relatório financeiro de dezembro,Confirmando nossa reunião agendada para o dia 15 de janeiro.,brenda77@example.org,2022-01-29,não spam
cf867b24-7914-4945-a3dd-70616f63dec6,Oferta imperdível!,Sua chance de ser um milionário está a um clique de distância! Acesse o site.,baileykenneth@example.org,2022-07-22,spam
a6c0a61f-2531-4de5-839e-b160aa5e7d7f,Relatório financeiro de dezembro,Confirmando nossa reunião agendada para o dia 15 de janeiro.,tmoore@example.com,2022-11-15,não spam
4a560b5f-8a92-4850-bc18-e466e8b2c88c,Seu cartão de crédito foi aprovado,Seu cartão de crédito foi aprovado! Clique no link para ativá-lo.,lisa81@example.com,2022-08-05,spam
adef5e1b-51fa-42d7-b2ad-c607f5bfed69,Você foi selecionado para um prêmio!,Não perca a chance de ganhar bitcoins grátis! Cadastre-se agora.,irichards@example.com,2024-12-19,spam
f7dbe79c-6879-4361-8455-dd2cec03f47f,Oferta imperdível!,Não perca a chance de ganhar bitcoins grátis! Cadastre-se agora.,paulday@example.net,2021-11-19,spam
68a58118-2647-4298-9629-455ad87e3656,Oferta imperdível!,Não perca a chance de ganhar bitcoins grátis! Cadastre-se agora.,chelsea27@example.org,2023-09-10,spam
f5afcd8c-df41-46a1-bc7f-f94e0a45b800,Resumo da semana,Segue a agenda da reunião de sexta-feira.,whiteheaddanielle@example.net,2021-03-26,não spam
1cde7e26-0e92-4dfc-a06f-522a53b02e0c,Você foi selecionado para um prêmio!,A sua conta foi comprometida. Clique aqui para atualizar suas informações imediatamente.,cynthiaadams@example.org,2022-06-07,spam
0ff0c94b-8bc0-420d-ac3d-516340599213,Confirmação de reunião,Segue a agenda da reunião de sexta-feira.,dustinhebert@example.net,2021-12-30,não spam
627b5a7b-7151-408a-8738-43920547a8ec,Confirmação de reunião,"Por favor, veja o relatório de vendas do mês passado.",ujones@example.net,2024-01-23,não spam
2c0746d1-a713-4868-a3f9-108539a15e2f,Oferta imperdível!,A sua conta foi comprometida. Clique aqui para atualizar suas informações imediatamente.,jeremiahcarter@example.net,2022-01-31,spam
4b88bc2a-6215-4f07-a3c6-f4a55ace63b8,Oferta imperdível!,Parabéns! Você acaba de ganhar um prêmio de 1 milhão de dólares! Clique aqui para resgatar.,melindagarcia@example.net,2024-05-13,spam
276fad82-119d-42c3-b9ad-cfa6410219aa,Oferta imperdível!,Não perca a chance de ganhar bitcoins grátis! Cadastre-se agora.,wendysutton@example.org,2020-03-11,spam
ba60c71d-2888-488b-9db1-ee3e907233cf,Você foi selecionado para um prêmio!,Seu cartão de crédito foi aprovado! Clique no link para ativá-lo.,jeremiah08@example.org,2024-01-27,spam
8bbe51df-cfb6-4eb2-bf63-76ae6aec248a,Ganha bitcoins sem sair de casa,Seu cartão de crédito foi aprovado! Clique no link para ativá-lo.,kirkmary@example.com,2020-02-01,spam
e95f120b-52e5-4212-b038-317a3bc8a01c,Novo projeto para revisão,Confirmando nossa reunião agendada para o dia 15 de janeiro.,johnsonbrandon@example.com,2020-10-05,não spam
54f49b06-e498-4935-a0dd-71e5bb56c390,Relatório financeiro de dezembro,"Por favor, veja o relatório de vendas do mês passado.",austinkrueger@example.com,2020-06-02,não spam
b1a3cd2c-1785-40d8-9b06-aca3fd7b0726,Você foi selecionado para um prêmio!,Sua chance de ser um milionário está a um clique de distância! Acesse o site.,daniel87@example.com,2021-11-26,spam
22cf512b-5249-45ac-8b98-ab0ae0b4167b,Seu cartão de crédito foi aprovado,Ganhe dinheiro fácil e rápido com nosso sistema! Clique agora.,james06@example.org,2021-05-18,spam
8bcbefe4-d050-4787-9cc9-994b73b54dba,Seu cartão de crédito foi aprovado,Empréstimo aprovado! Preencha seus dados para receber seu dinheiro hoje mesmo.,hrosario@example.com,2024-10-13,spam
2f40e2d3-784b-4325-8ea0-ad5a9816c710,Seu cartão de crédito foi aprovado,Ganhe dinheiro fácil e rápido com nosso sistema! Clique agora.,kthompson@example.org,2022-09-28,spam
f4b69490-42aa-453b-99c8-88f279d7ace1,Convite para reunião,"Por favor, revise o documento do novo projeto para aprovação.",ian14@example.org,2023-09-06,não spam
27c33a7c-2099-4490-90f0-04fe5bf2871d,Resumo da semana,Segue em anexo o relatório financeiro de dezembro para sua revisão.,stephanie32@example.com,2024-04-16,não spam
73e1e1af-0bbe-411b-8094-96b3a0d3dd60,Novo projeto para revisão,Segue em anexo o relatório financeiro de dezembro para sua revisão.,alibobby@example.net,2023-02-02,não spam
1e844b07-ab22-499a-a295-c92a89002011,Resumo da semana,Segue em anexo o relatório financeiro de dezembro para sua revisão.,lisa65@example.net,2020-03-01,não spam
8490ed69-654d-44df-b8ab-b8ccac0fbcff,Seu cartão de crédito foi aprovado,A sua conta foi comprometida. Clique aqui para atualizar suas informações imediatamente.,kimberlyferguson@example.net,2022-07-21,spam
6229b4fc-a9be-4967-8937-7299d927e206,Relatório financeiro de dezembro,"Por favor, revise o documento do novo projeto para aprovação.",friedmanrobert@example.net,2023-07-07,não spam
8f7adcf5-7715-452d-8605-e6df2d62a2b5,Urgente! Atualize sua conta agora!,Ganhe dinheiro fácil e rápido com nosso sistema! Clique agora.,francisco34@example.com,2020-08-14,spam
2e38b2bc-2e10-4d05-9130-266432158713,Oferta exclusiva para você!,Parabéns! Você acaba de ganhar um prêmio de 1 milhão de dólares! Clique aqui para resgatar.,justinvillanueva@example.com,2021-10-28,spam
347f5d11-46a8-46d9-99cf-422f0b009f35,Relatório financeiro de dezembro,Segue a agenda da reunião de sexta-feira.,sarahhicks@example.net,2023-10-26,não spam
463ea7a9-729f-4d0f-a51a-a012e993309f,Relatório financeiro de dezembro,"Por favor, veja o relatório de vendas do mês passado.",brivera@example.org,2024-12-27,não spam
22189803-d4dd-46db-a46d-b6d67c4fe4e7,Resumo da semana,Segue a agenda da reunião de sexta-feira.,hammondronnie@example.org,2022-04-08,não spam
6c8abab6-597d-4e46-aa38-f5e2068682d4,Você foi selecionado para um prêmio!,Seu cartão de crédito foi aprovado! Clique no link para ativá-lo.,mitchellbrenda@example.net,2020-08-15,spam
b48a5972-3034-4c77-bfe3-a7fdc3a8721e,Empréstimo rápido e sem burocracia,Seu cartão de crédito foi aprovado! Clique no link para ativá-lo.,monicalee@example.org,2023-05-06,spam
cbd93c2a-4875-4355-ac75-887f47767afd,Urgente! Atualize sua conta agora!,Sua chance de ser um milionário está a um clique de distância! Acesse o site.,wheelerteresa@example.net,2023-06-15,spam
a2f91f78-7ec0-48aa-824b-668a3bfbaf39,Nota fiscal de compra,"Por favor, revise o documento do novo projeto para aprovação.",ifletcher@example.net,2022-04-01,não spam
778f0806-4562-4c73-b432-5252ff4db9a3,Oferta exclusiva para você!,Não perca a oportunidade de fazer um investimento de baixo risco e alto retorno. Clique agora!,wwiley@example.com,2022-10-30,spam
35dbba2a-cc5f-4992-bedc-c29b4545c857,Ganhe dinheiro fácil!,Sua chance de ser um milionário está a um clique de distância! Acesse o site.,travis75@example.org,2022-05-07,spam
534bea73-23c8-4a94-8615-dbd05cc16bfd,Relatório financeiro de dezembro,Confirmando nossa reunião agendada para o dia 15 de janeiro.,simmonsjoel@example.org,2022-11-06,não spam
5283d6b9-bdf8-421c-9a8f-f45d0458e70b,Seu cartão de crédito foi aprovado,Não perca a oportunidade de fazer um investimento de baixo risco e alto retorno. Clique agora!,kramercory@example.org,2022-12-17,spam
87c2590f-465f-47e4-9b91-eea0b402dfc4,Novo projeto para revisão,Estou enviando o resumo da reunião de ontem.,kathrynalexander@example.com,2024-02-06,não spam
70e0ad56-79a6-4d8f-bbce-54e93a963b70,Empréstimo rápido e sem burocracia,Ganhe dinheiro fácil e rápido com nosso sistema! Clique agora.,joseph57@example.com,2022-04-19,spam
